{"stats":{"minecraft:killed_by":{"minecraft:zombie":1},"minecraft:mined":{"minecraft:acacia_leaves":1,"minecraft:iron_ore":2,"minecraft:mangrove_roots":2,"minecraft:mangrove_leaves":2,"minecraft:crafting_table":2,"minecraft:short_grass":3,"minecraft:acacia_log":5,"minecraft:grass_block":8,"minecraft:vine":1,"minecraft:dirt":10,"minecraft:mangrove_log":8,"minecraft:cobblestone":1,"minecraft:stone":39},"minecraft:killed":{"minecraft:pig":3},"minecraft:custom":{"minecraft:time_since_rest":263,"minecraft:sprint_one_cm":3080,"minecraft:damage_taken":315,"minecraft:walk_one_cm":42625,"minecraft:mob_kills":3,"minecraft:damage_dealt":300,"minecraft:interact_with_crafting_table":2,"minecraft:swim_one_cm":2473,"minecraft:fly_one_cm":2701,"minecraft:play_time":12892,"minecraft:deaths":1,"minecraft:sneak_time":12,"minecraft:walk_under_water_one_cm":231,"minecraft:jump":129,"minecraft:walk_on_water_one_cm":6024,"minecraft:time_since_death":218,"minecraft:climb_one_cm":892,"minecraft:total_world_time":12892,"minecraft:fall_one_cm":3351},"minecraft:crafted":{"minecraft:crafting_table":1,"minecraft:stick":16,"minecraft:wooden_pickaxe":1,"minecraft:stone_pickaxe":1,"minecraft:wooden_axe":1,"minecraft:mangrove_planks":32,"minecraft:stone_axe":1},"minecraft:used":{"minecraft:wooden_axe":2,"minecraft:stone_pickaxe":4,"minecraft:mangrove_propagule":1,"minecraft:wooden_pickaxe":47,"minecraft:stone_axe":11,"minecraft:dirt":11,"minecraft:cobblestone":15,"minecraft:crafting_table":2,"minecraft:mangrove_roots":2},"minecraft:picked_up":{"minecraft:crafting_table":2,"minecraft:raw_iron":2,"minecraft:acacia_log":5,"minecraft:porkchop":6,"minecraft:dirt":18,"minecraft:mangrove_roots":2,"minecraft:acacia_sapling":2,"minecraft:mangrove_propagule":2,"minecraft:mangrove_log":8,"minecraft:cobblestone":40}},"DataVersion":3953}