{"stats":{"minecraft:killed_by":{"minecraft:drowned":1,"minecraft:zombie":1},"minecraft:mined":{"minecraft:acacia_leaves":1,"minecraft:iron_ore":2,"minecraft:mangrove_roots":2,"minecraft:mangrove_leaves":2,"minecraft:crafting_table":2,"minecraft:short_grass":3,"minecraft:acacia_log":5,"minecraft:grass_block":8,"minecraft:oak_log":6,"minecraft:vine":1,"minecraft:dirt":10,"minecraft:mangrove_log":8,"minecraft:cobblestone":1,"minecraft:stone":39,"minecraft:oak_leaves":1},"minecraft:killed":{"minecraft:zombie":1,"minecraft:pig":3,"minecraft:tropical_fish":1},"minecraft:custom":{"minecraft:time_since_rest":9262,"minecraft:sprint_one_cm":5047,"minecraft:damage_taken":670,"minecraft:walk_one_cm":54076,"minecraft:mob_kills":5,"minecraft:damage_dealt":733,"minecraft:interact_with_crafting_table":2,"minecraft:swim_one_cm":3537,"minecraft:fly_one_cm":4875,"minecraft:crouch_one_cm":29,"minecraft:play_time":24892,"minecraft:deaths":2,"minecraft:sneak_time":24,"minecraft:walk_under_water_one_cm":3198,"minecraft:jump":193,"minecraft:walk_on_water_one_cm":11118,"minecraft:time_since_death":9229,"minecraft:climb_one_cm":892,"minecraft:total_world_time":24892,"minecraft:fall_one_cm":6150},"minecraft:crafted":{"minecraft:oak_planks":20,"minecraft:crafting_table":2,"minecraft:stick":32,"minecraft:wooden_pickaxe":1,"minecraft:stone_pickaxe":1,"minecraft:wooden_axe":1,"minecraft:mangrove_planks":32,"minecraft:stone_axe":1},"minecraft:used":{"minecraft:wooden_axe":2,"minecraft:stone_pickaxe":4,"minecraft:mangrove_propagule":1,"minecraft:wooden_pickaxe":47,"minecraft:stone_axe":21,"minecraft:dirt":16,"minecraft:cobblestone":15,"minecraft:crafting_table":2,"minecraft:mangrove_roots":2},"minecraft:picked_up":{"minecraft:wooden_axe":1,"minecraft:stick":8,"minecraft:crafting_table":2,"minecraft:raw_iron":4,"minecraft:wooden_pickaxe":1,"minecraft:acacia_log":5,"minecraft:porkchop":12,"minecraft:oak_log":5,"minecraft:dirt":25,"minecraft:rotten_flesh":1,"minecraft:tropical_fish":1,"minecraft:stone_axe":1,"minecraft:stone_pickaxe":1,"minecraft:mangrove_roots":2,"minecraft:mangrove_planks":14,"minecraft:acacia_sapling":4,"minecraft:mangrove_propagule":3,"minecraft:mangrove_log":8,"minecraft:cobblestone":59}},"DataVersion":3953}