{"stats":{"minecraft:broken":{"minecraft:wooden_pickaxe":1},"minecraft:killed_by":{"minecraft:drowned":1,"minecraft:zombie":2},"minecraft:mined":{"minecraft:acacia_leaves":3,"minecraft:iron_ore":2,"minecraft:andesite":4,"minecraft:mangrove_roots":3,"minecraft:mangrove_leaves":2,"minecraft:crafting_table":4,"minecraft:short_grass":8,"minecraft:acacia_log":10,"minecraft:grass_block":13,"minecraft:coal_ore":24,"minecraft:oak_log":6,"minecraft:vine":1,"minecraft:dirt":21,"minecraft:mangrove_log":8,"minecraft:cobblestone":1,"minecraft:stone":57,"minecraft:oak_leaves":1},"minecraft:killed":{"minecraft:zombie":1,"minecraft:pig":4,"minecraft:tropical_fish":1},"minecraft:custom":{"minecraft:time_since_rest":912,"minecraft:interact_with_furnace":1,"minecraft:sprint_one_cm":20433,"minecraft:damage_taken":865,"minecraft:walk_one_cm":92506,"minecraft:mob_kills":6,"minecraft:damage_dealt":924,"minecraft:swim_one_cm":14828,"minecraft:interact_with_crafting_table":5,"minecraft:fly_one_cm":11099,"minecraft:crouch_one_cm":29,"minecraft:play_time":36842,"minecraft:deaths":3,"minecraft:sneak_time":32,"minecraft:walk_under_water_one_cm":5306,"minecraft:boat_one_cm":11350,"minecraft:jump":351,"minecraft:leave_game":2,"minecraft:time_since_death":852,"minecraft:walk_on_water_one_cm":17476,"minecraft:total_world_time":36842,"minecraft:climb_one_cm":1076,"minecraft:fall_one_cm":8127},"minecraft:crafted":{"minecraft:oak_planks":24,"minecraft:crafting_table":2,"minecraft:stick":32,"minecraft:wooden_pickaxe":2,"minecraft:wooden_axe":1,"minecraft:stone_pickaxe":1,"minecraft:furnace":1,"minecraft:mangrove_planks":32,"minecraft:acacia_planks":20,"minecraft:torch":4,"minecraft:stone_axe":1,"minecraft:acacia_boat":1},"minecraft:used":{"minecraft:acacia_boat":1,"minecraft:wooden_axe":2,"minecraft:stone_pickaxe":4,"minecraft:mangrove_propagule":1,"minecraft:wooden_pickaxe":102,"minecraft:torch":4,"minecraft:stone_axe":21,"minecraft:dirt":16,"minecraft:cobblestone":15,"minecraft:mangrove_roots":2,"minecraft:crafting_table":4,"minecraft:furnace":1},"minecraft:picked_up":{"minecraft:wooden_axe":1,"minecraft:crafting_table":4,"minecraft:stick":11,"minecraft:raw_iron":4,"minecraft:andesite":4,"minecraft:wooden_pickaxe":1,"minecraft:acacia_log":10,"minecraft:porkchop":14,"minecraft:oak_log":6,"minecraft:acacia_boat":1,"minecraft:dirt":41,"minecraft:moss_carpet":1,"minecraft:rotten_flesh":2,"minecraft:tropical_fish":1,"minecraft:stone_axe":1,"minecraft:wheat_seeds":1,"minecraft:stone_pickaxe":1,"minecraft:mangrove_roots":3,"minecraft:oak_sapling":4,"minecraft:mangrove_propagule":3,"minecraft:mangrove_planks":14,"minecraft:acacia_sapling":5,"minecraft:coal":24,"minecraft:mangrove_log":8,"minecraft:cobblestone":77}},"DataVersion":3953}