{"stats":{"minecraft:custom":{"minecraft:interact_with_furnace":16,"minecraft:mob_kills":50,"minecraft:interact_with_crafting_table":12,"minecraft:leave_game":3,"minecraft:time_since_death":106865,"minecraft:climb_one_cm":1404,"minecraft:time_since_rest":106925,"minecraft:sprint_one_cm":69586,"minecraft:damage_taken":2337,"minecraft:walk_one_cm":410464,"minecraft:damage_blocked_by_shield":1502,"minecraft:drop":32,"minecraft:damage_dealt":8578,"minecraft:swim_one_cm":15521,"minecraft:fly_one_cm":52740,"minecraft:open_chest":10,"minecraft:crouch_one_cm":1056,"minecraft:play_time":142855,"minecraft:deaths":3,"minecraft:sneak_time":385,"minecraft:walk_under_water_one_cm":13151,"minecraft:boat_one_cm":23424,"minecraft:jump":1554,"minecraft:walk_on_water_one_cm":43186,"minecraft:total_world_time":142855,"minecraft:fall_one_cm":32695},"minecraft:crafted":{"minecraft:cooked_beef":3,"minecraft:oak_planks":28,"minecraft:cooked_porkchop":4,"minecraft:crafting_table":4,"minecraft:wooden_pickaxe":3,"minecraft:iron_helmet":1,"minecraft:iron_sword":1,"minecraft:furnace":1,"minecraft:mangrove_planks":32,"minecraft:bucket":1,"minecraft:stone_axe":1,"minecraft:cooked_mutton":18,"minecraft:acacia_boat":2,"minecraft:air":0,"minecraft:iron_boots":1,"minecraft:iron_chestplate":1,"minecraft:shield":1,"minecraft:iron_axe":1,"minecraft:stick":56,"minecraft:iron_ingot":70,"minecraft:iron_pickaxe":2,"minecraft:stone_pickaxe":1,"minecraft:wooden_axe":2,"minecraft:iron_shovel":1,"minecraft:iron_leggings":1,"minecraft:acacia_planks":56,"minecraft:torch":56},"minecraft:mined":{"minecraft:acacia_leaves":3,"minecraft:deepslate_diamond_ore":9,"minecraft:mangrove_roots":3,"minecraft:budding_amethyst":2,"minecraft:crafting_table":7,"minecraft:torch":4,"minecraft:short_grass":12,"minecraft:acacia_log":19,"minecraft:calcite":6,"minecraft:grass_block":13,"minecraft:copper_ore":1,"minecraft:cobblestone":18,"minecraft:deepslate_gold_ore":5,"minecraft:lapis_ore":2,"minecraft:oak_planks":1,"minecraft:diorite":5,"minecraft:wall_torch":1,"minecraft:amethyst_block":4,"minecraft:iron_ore":67,"minecraft:andesite":4,"minecraft:mangrove_leaves":2,"minecraft:deepslate_iron_ore":21,"minecraft:oak_log":16,"minecraft:coal_ore":48,"minecraft:vine":1,"minecraft:dirt":23,"minecraft:mangrove_log":8,"minecraft:smooth_basalt":9,"minecraft:stone":128,"minecraft:deepslate":13,"minecraft:gold_ore":9,"minecraft:oak_leaves":1},"minecraft:picked_up":{"minecraft:wooden_axe":1,"minecraft:crafting_table":7,"minecraft:glow_ink_sac":3,"minecraft:andesite":7,"minecraft:wooden_pickaxe":1,"minecraft:oak_log":16,"minecraft:gunpowder":2,"minecraft:acacia_boat":7,"minecraft:amethyst_block":4,"minecraft:lapis_lazuli":14,"minecraft:dirt":95,"minecraft:moss_carpet":1,"minecraft:raw_copper":2,"minecraft:iron_shovel":1,"minecraft:iron_axe":1,"minecraft:iron_leggings":1,"minecraft:bone":2,"minecraft:bow":1,"minecraft:wheat_seeds":2,"minecraft:cobbled_deepslate":14,"minecraft:raw_gold":14,"minecraft:stone_pickaxe":1,"minecraft:calcite":5,"minecraft:iron_pickaxe":1,"minecraft:oak_planks":1,"minecraft:mangrove_planks":14,"minecraft:acacia_sapling":5,"minecraft:mangrove_log":8,"minecraft:iron_boots":1,"minecraft:egg":1,"minecraft:stick":14,"minecraft:raw_iron":90,"minecraft:smooth_basalt":9,"minecraft:gravel":1,"minecraft:dripstone_block":13,"minecraft:torch":6,"minecraft:acacia_log":19,"minecraft:porkchop":18,"minecraft:pointed_dripstone":15,"minecraft:grass_block":1,"minecraft:spider_eye":1,"minecraft:diamond":9,"minecraft:arrow":26,"minecraft:rotten_flesh":23,"minecraft:tropical_fish":1,"minecraft:stone_axe":1,"minecraft:mangrove_roots":3,"minecraft:oak_sapling":4,"minecraft:mutton":12,"minecraft:coal":54,"minecraft:mangrove_propagule":3,"minecraft:white_wool":6,"minecraft:cobblestone":169},"minecraft:broken":{"minecraft:iron_pickaxe":1,"minecraft:wooden_pickaxe":1},"minecraft:killed_by":{"minecraft:zombie":2,"minecraft:drowned":1},"minecraft:dropped":{"minecraft:crafting_table":1,"minecraft:dripstone_block":8,"minecraft:iron_boots":1,"minecraft:amethyst_block":4,"minecraft:grass_block":1,"minecraft:dirt":54,"minecraft:torch":1,"minecraft:andesite":3,"minecraft:iron_leggings":1,"minecraft:iron_axe":1,"minecraft:bow":1,"minecraft:arrow":16,"minecraft:iron_pickaxe":1},"minecraft:killed":{"minecraft:pig":6,"minecraft:spider":1,"minecraft:skeleton":9,"minecraft:sheep":6,"minecraft:zombie":22,"minecraft:tropical_fish":1,"minecraft:enderman":2},"minecraft:used":{"minecraft:cooked_mutton":18,"minecraft:acacia_boat":7,"minecraft:water_bucket":2,"minecraft:stone_pickaxe":4,"minecraft:shield":41,"minecraft:wooden_pickaxe":102,"minecraft:iron_sword":129,"minecraft:iron_chestplate":1,"minecraft:torch":58,"minecraft:dirt":16,"minecraft:crafting_table":7,"minecraft:spider_eye":1,"minecraft:wooden_axe":4,"minecraft:iron_axe":19,"minecraft:mangrove_propagule":1,"minecraft:iron_pickaxe":265,"minecraft:stone_axe":21,"minecraft:cobblestone":60,"minecraft:mangrove_roots":2,"minecraft:furnace":1,"minecraft:bucket":3,"minecraft:cooked_beef":2}},"DataVersion":3953}