{"stats":{"minecraft:custom":{"minecraft:time_since_rest":3013,"minecraft:sprint_one_cm":39951,"minecraft:damage_taken":828,"minecraft:walk_one_cm":51784,"minecraft:drop":3,"minecraft:damage_dealt":19,"minecraft:swim_one_cm":7333,"minecraft:talked_to_villager":2,"minecraft:fly_one_cm":254204,"minecraft:open_barrel":2,"minecraft:crouch_one_cm":1114,"minecraft:play_time":55740,"minecraft:deaths":2,"minecraft:sneak_time":1139,"minecraft:walk_under_water_one_cm":5265,"minecraft:boat_one_cm":1146,"minecraft:aviate_one_cm":80116,"minecraft:jump":229,"minecraft:leave_game":3,"minecraft:time_since_death":2981,"minecraft:walk_on_water_one_cm":4121,"minecraft:total_world_time":55740,"minecraft:fall_one_cm":15601},"minecraft:dropped":{"industrialforegoing:infinity_trident":1,"industrialforegoing:infinity_drill":1,"shrink:shrinking_device":1},"minecraft:killed_by":{"mowziesmobs:ferrous_wroughtnaut":1},"minecraft:picked_up":{"minecraft:raw_iron":11,"shrink:shrinking_device":1,"minecraft:andesite":341,"gobber2:gobber2_gooey_beefstew":2,"minecraft:gravel":100,"minecraft:flint":4,"minecraft:tuff":414,"evilcraft:flesh_humanoid":1,"minecraft:diorite":910,"gobber2:gobber2_gooey_bread_nether":2,"minecraft:redstone":10,"minecraft:lapis_lazuli":100,"minecraft:dirt":182,"minecraft:raw_copper":96,"gobber2:gobber2_foo":1,"miningmaster:spirit_garnet":1,"evilcraft:dark_gem":17,"minecraft:diamond":1,"minecraft:cobbled_deepslate":3869,"gobber2:gobber2_gooey_beef_nether":2,"gobber2:gobber2_gooey_beef":2,"minecraft:raw_gold":3,"miningmaster:ice_sapphire":1,"minecraft:granite":47,"gobber2:gobber2_globette":15,"minecraft:coal":49,"gobber2:gobber2_goo":2,"alexsmobs:flying_fish":1,"minecraft:cobblestone":3497},"minecraft:used":{"industrialforegoing:biofuel_generator":1,"minecraft:oak_trapdoor":3,"dragonmounts:dragon_egg":1,"toughasnails:leaf_leggings":1,"minecraft:firework_rocket":5,"industrialforegoing:infinity_launcher":2,"toughasnails:leaf_helmet":1,"minecraft:redstone":1,"evilcraft:blood_chest":1,"minecraft:oak_planks":9,"minecraft:cyan_carpet":1,"industrialforegoing:fluid_extractor":1,"dragonmounts:spawn_egg":2,"industrialforegoing:infinity_nuke":1,"minecraft:redstone_block":2,"industrialforegoing:bioreactor":1,"ecologics:walnut_sapling":1,"toughasnails:leaf_chestplate":1,"toughasnails:leaf_boots":1,"securitycraft:ims":1,"charginggadgets:charging_station":2,"travelersbackpack:standard":2,"evilcraft:dark_tank":2,"minecraft:crafting_table":1,"mowziesmobs:wroughtnaut_spawn_egg":1,"minecraft:furnace":1,"industrialforegoing:infinity_charger":1,"tconstruct:earth_sky_slime_grass":1,"industrialforegoing:infinity_trident":1,"minecraft:oak_boat":3,"evilcraft:werewolf_spawn_egg":2,"minecraft:painting":1,"tconstruct:blood_slime":1,"minecraft:bone_meal":3}},"DataVersion":2975}