{"stats":{"minecraft:custom":{"minecraft:interact_with_crafting_table":74,"minecraft:leave_game":13,"minecraft:time_since_death":119045,"minecraft:sprint_one_cm":1289256,"minecraft:damage_blocked_by_shield":2830,"minecraft:drop":72,"minecraft:talked_to_villager":1,"minecraft:play_time":457755,"minecraft:deaths":13,"minecraft:jump":7697,"minecraft:walk_on_water_one_cm":89975,"minecraft:interact_with_furnace":172,"minecraft:sleep_in_bed":11,"minecraft:damage_dealt":21341,"minecraft:crouch_one_cm":30047,"minecraft:interact_with_smoker":7,"minecraft:interact_with_smithing_table":1,"minecraft:mob_kills":158,"minecraft:climb_one_cm":3883,"minecraft:walk_one_cm":1202215,"minecraft:sneak_time":13472,"minecraft:walk_under_water_one_cm":75646,"minecraft:interact_with_blast_furnace":2,"minecraft:total_world_time":457755,"minecraft:time_since_rest":23936,"minecraft:damage_taken":9673,"minecraft:swim_one_cm":267217,"minecraft:fly_one_cm":1478297,"minecraft:open_chest":93,"minecraft:fall_one_cm":188841},"minecraft:crafted":{"minecraft:smooth_stone":12,"minecraft:oak_planks":104,"minecraft:oak_sign":3,"minecraft:cooked_chicken":7,"minecraft:lightning_rod":1,"minecraft:stone":26,"minecraft:cooked_mutton":24,"minecraft:glass":93,"minecraft:iron_boots":1,"minecraft:bow":1,"minecraft:chest":9,"minecraft:birch_door":3,"minecraft:smoker":1,"minecraft:cooked_porkchop":17,"minecraft:crafting_table":8,"minecraft:spruce_planks":40,"minecraft:wooden_pickaxe":1,"minecraft:iron_helmet":2,"minecraft:copper_ingot":41,"minecraft:birch_planks":40,"minecraft:diamond_pickaxe":1,"minecraft:iron_chestplate":2,"minecraft:charcoal":21,"minecraft:shield":2,"minecraft:stick":92,"minecraft:iron_ingot":114,"minecraft:iron_pickaxe":5,"minecraft:gold_ingot":34,"minecraft:shears":1,"minecraft:smooth_stone_slab":6,"minecraft:iron_nugget":9,"minecraft:furnace":10,"minecraft:blast_furnace":1,"minecraft:bone_meal":3,"minecraft:lantern":1,"minecraft:spruce_stairs":4,"minecraft:polished_deepslate":4,"minecraft:iron_axe":3,"minecraft:stone_pickaxe":1,"minecraft:cooked_beef":37,"minecraft:iron_sword":2,"minecraft:blue_bed":2,"minecraft:cooked_salmon":4,"minecraft:mangrove_planks":24,"minecraft:bucket":2,"minecraft:stone_axe":1,"minecraft:air":0,"minecraft:blue_dye":2,"minecraft:wooden_axe":1,"minecraft:iron_shovel":2,"minecraft:iron_leggings":1,"minecraft:armor_stand":1,"minecraft:white_bed":2,"minecraft:torch":204},"minecraft:mined":{"minecraft:large_amethyst_bud":3,"minecraft:granite":7,"minecraft:budding_amethyst":1,"minecraft:acacia_log":15,"minecraft:grass_block":66,"minecraft:magma_block":7,"minecraft:iron_ore":47,"minecraft:cobbled_deepslate":29,"minecraft:fire":2,"minecraft:pumpkin":7,"minecraft:moss_carpet":5,"minecraft:deepslate_lapis_ore":8,"minecraft:pointed_dripstone":24,"minecraft:cave_vines":1,"minecraft:azalea":8,"minecraft:deepslate_redstone_ore":14,"minecraft:kelp_plant":1,"minecraft:medium_amethyst_bud":4,"minecraft:amethyst_cluster":13,"minecraft:torch":4,"minecraft:poppy":9,"minecraft:chest":4,"minecraft:glass":1,"minecraft:cobblestone":11,"minecraft:sugar_cane":33,"minecraft:oak_planks":8,"minecraft:wall_torch":3,"minecraft:amethyst_block":18,"minecraft:birch_log":39,"minecraft:wheat":1,"minecraft:oak_log":78,"minecraft:beetroots":2,"minecraft:sand":159,"minecraft:dirt":72,"minecraft:mangrove_log":21,"minecraft:smooth_basalt":2,"minecraft:oak_leaves":23,"minecraft:deepslate":385,"minecraft:tuff":9,"minecraft:deepslate_diamond_ore":36,"minecraft:spruce_leaves":58,"minecraft:moss_block":41,"minecraft:mangrove_propagule":4,"minecraft:hay_block":38,"minecraft:spruce_sapling":1,"minecraft:furnace":4,"minecraft:carrots":7,"minecraft:andesite":4,"minecraft:gold_block":1,"minecraft:big_dripleaf_stem":1,"minecraft:bookshelf":8,"minecraft:deepslate_iron_ore":86,"minecraft:vine":3,"minecraft:rail":52,"minecraft:stone":260,"minecraft:white_tulip":1,"minecraft:smithing_table":1,"minecraft:acacia_leaves":12,"minecraft:flowering_azalea":6,"minecraft:oak_fence":2,"minecraft:crafting_table":5,"minecraft:short_grass":66,"minecraft:lightning_rod":1,"minecraft:tall_grass":15,"minecraft:copper_ore":13,"minecraft:lapis_ore":3,"minecraft:deepslate_gold_ore":31,"minecraft:diorite":3,"minecraft:blue_bed":1,"minecraft:gray_wool":1,"minecraft:birch_planks":1,"minecraft:spruce_log":26,"minecraft:birch_leaves":63,"minecraft:mangrove_leaves":26,"minecraft:coal_ore":128,"minecraft:gravel":14,"minecraft:dripstone_block":8,"minecraft:cobweb":50,"minecraft:gold_ore":2,"minecraft:fern":1},"minecraft:picked_up":{"minecraft:wooden_axe":3,"minecraft:iron_chestplate":9,"minecraft:wheat":5,"minecraft:smithing_table":1,"minecraft:enchanted_book":3,"minecraft:golden_shovel":1,"minecraft:golden_sword":1,"minecraft:amethyst_block":18,"minecraft:string":302,"minecraft:raw_copper":41,"minecraft:iron_leggings":5,"minecraft:gold_nugget":15,"minecraft:cobbled_deepslate":583,"minecraft:bucket":3,"minecraft:white_tulip":12,"minecraft:iron_pickaxe":8,"minecraft:mangrove_log":21,"minecraft:iron_boots":5,"minecraft:furnace":4,"minecraft:golden_helmet":1,"minecraft:stick":47,"minecraft:big_dripleaf":6,"minecraft:oak_fence":2,"minecraft:torch":60,"minecraft:acacia_log":20,"minecraft:porkchop":29,"minecraft:lightning_rod":1,"minecraft:pointed_dripstone":161,"minecraft:diorite":5,"minecraft:rotten_flesh":77,"minecraft:cod":2,"minecraft:cobblestone":533,"minecraft:birch_log":68,"minecraft:magma_block":7,"minecraft:feather":11,"minecraft:cooked_beef":10,"minecraft:water_bucket":1,"minecraft:andesite":7,"minecraft:brown_wool":2,"minecraft:golden_leggings":1,"minecraft:potato":7,"minecraft:tuff":5,"minecraft:lapis_lazuli":132,"minecraft:dirt":283,"minecraft:name_tag":10,"minecraft:glass":28,"minecraft:bone":54,"minecraft:acacia_planks":90,"minecraft:bow":8,"minecraft:wheat_seeds":82,"minecraft:raw_gold":39,"minecraft:powered_rail":18,"minecraft:moss_block":80,"minecraft:oak_planks":61,"minecraft:cooked_porkchop":5,"minecraft:music_disc_13":2,"minecraft:sand":148,"minecraft:grass_block":1,"minecraft:diamond":70,"minecraft:granite":8,"minecraft:golden_horse_armor":1,"minecraft:bread":2,"minecraft:oak_sapling":9,"minecraft:charcoal":4,"minecraft:crafting_table":7,"minecraft:chicken":9,"minecraft:wooden_pickaxe":1,"minecraft:gold_block":2,"minecraft:shield":10,"minecraft:moss_carpet":11,"minecraft:iron_axe":10,"minecraft:flint_and_steel":1,"minecraft:iron_shovel":3,"minecraft:detector_rail":12,"minecraft:beef":61,"minecraft:iron_nugget":24,"minecraft:poppy":54,"minecraft:light_gray_wool":2,"minecraft:chest":5,"minecraft:sugar_cane":196,"minecraft:birch_sapling":13,"minecraft:egg":6,"minecraft:raw_iron":222,"minecraft:stone":30,"minecraft:copper_ingot":183,"minecraft:fire_charge":2,"minecraft:mangrove_sign":1,"minecraft:carrot":14,"minecraft:redstone":255,"minecraft:arrow":128,"minecraft:beetroot_seeds":6,"minecraft:shears":2,"minecraft:hay_block":76,"minecraft:saddle":1,"minecraft:gold_ingot":36,"minecraft:glow_berries":12,"minecraft:mutton":39,"minecraft:white_wool":53,"minecraft:rail":64,"minecraft:oxeye_daisy":5,"minecraft:birch_leaves":56,"minecraft:salmon":4,"minecraft:leather":78,"minecraft:birch_planks":32,"minecraft:oak_log":78,"minecraft:gunpowder":24,"minecraft:blue_bed":1,"minecraft:cooked_mutton":17,"minecraft:apple":2,"minecraft:kelp":52,"minecraft:iron_ingot":71,"minecraft:stone_pickaxe":8,"minecraft:cooked_chicken":3,"minecraft:acacia_sapling":8,"minecraft:mangrove_planks":14,"minecraft:flowering_azalea":12,"minecraft:iron_sword":8,"minecraft:book":72,"minecraft:smooth_basalt":2,"minecraft:pumpkin":14,"minecraft:sweet_berries":57,"minecraft:dripstone_block":12,"minecraft:gravel":7,"minecraft:lava_bucket":1,"minecraft:amethyst_shard":54,"minecraft:spruce_sapling":15,"minecraft:spruce_log":52,"minecraft:spider_eye":5,"minecraft:stone_axe":6,"minecraft:iron_helmet":4,"minecraft:gray_wool":2,"minecraft:melon_seeds":12,"minecraft:mangrove_propagule":16,"minecraft:coal":246},"minecraft:killed_by":{"minecraft:creeper":1,"minecraft:cave_spider":1,"minecraft:zombie":5,"minecraft:spider":1,"minecraft:enderman":2,"minecraft:skeleton":2},"minecraft:broken":{"minecraft:iron_shovel":1,"minecraft:iron_chestplate":1,"minecraft:wooden_pickaxe":1,"minecraft:shield":1,"minecraft:iron_axe":1,"minecraft:iron_pickaxe":4},"minecraft:dropped":{"minecraft:birch_planks":18,"minecraft:dirt":1,"minecraft:iron_pickaxe":1,"minecraft:birch_log":4,"minecraft:white_wool":1,"minecraft:gravel":4,"minecraft:sugar_cane":76,"minecraft:cooked_chicken":1,"minecraft:cobbled_deepslate":99,"minecraft:wheat":10,"minecraft:rotten_flesh":12,"minecraft:oak_planks":37,"minecraft:carrot":1,"minecraft:poppy":9,"minecraft:gunpowder":18,"minecraft:melon_seeds":3,"minecraft:chest":1,"minecraft:glass":15,"minecraft:iron_ingot":6,"minecraft:wheat_seeds":14,"minecraft:dripstone_block":6,"minecraft:feather":3,"minecraft:cobblestone":86,"minecraft:book":24,"minecraft:coal":7,"minecraft:stick":16,"minecraft:diorite":2,"minecraft:torch":4,"minecraft:iron_axe":1,"minecraft:iron_shovel":1,"minecraft:string":49,"minecraft:furnace":1,"minecraft:moss_carpet":2,"minecraft:kelp":12,"minecraft:tuff":4,"minecraft:stone":18,"minecraft:andesite":4,"minecraft:spider_eye":2,"minecraft:bow":1},"minecraft:killed":{"minecraft:cave_spider":8,"minecraft:spider":11,"minecraft:cod":3,"minecraft:skeleton":17,"minecraft:chicken":8,"minecraft:pig":10,"minecraft:salmon":4,"minecraft:creeper":7,"minecraft:sheep":24,"minecraft:zombie":34,"minecraft:glow_squid":1,"minecraft:cow":26,"minecraft:drowned":1},"minecraft:used":{"minecraft:moss_carpet":1,"minecraft:iron_shovel":256,"minecraft:polished_deepslate":4,"minecraft:oak_sign":3,"minecraft:chest":13,"minecraft:shield":84,"minecraft:iron_sword":377,"minecraft:stone":14,"minecraft:rotten_flesh":16,"minecraft:iron_chestplate":3,"minecraft:mutton":4,"minecraft:carrot":7,"minecraft:tuff":1,"minecraft:glass":82,"minecraft:honeycomb":6,"minecraft:lava_bucket":2,"minecraft:lantern":1,"minecraft:grass_block":3,"minecraft:iron_helmet":2,"minecraft:bedrock":1,"minecraft:magma_block":7,"minecraft:bow":26,"minecraft:sweet_berries":23,"minecraft:furnace":11,"minecraft:beetroot_seeds":1,"minecraft:egg":5,"minecraft:potato":1,"minecraft:diorite":1,"minecraft:birch_leaves":19,"minecraft:oak_planks":1,"minecraft:stone_pickaxe":126,"minecraft:wooden_pickaxe":59,"minecraft:sugar_cane":38,"minecraft:blue_bed":3,"minecraft:white_wool":1,"minecraft:glow_berries":5,"minecraft:blast_furnace":1,"minecraft:dripstone_block":3,"minecraft:shears":57,"minecraft:lightning_rod":2,"minecraft:bread":4,"minecraft:barrier":7,"minecraft:smithing_table":1,"minecraft:birch_log":5,"minecraft:bone_meal":3,"minecraft:armor_stand":1,"minecraft:cooked_salmon":4,"minecraft:cooked_chicken":7,"minecraft:torch":254,"minecraft:dirt":187,"minecraft:spruce_stairs":2,"minecraft:granite":4,"minecraft:birch_door":1,"minecraft:wooden_axe":22,"minecraft:iron_axe":326,"minecraft:iron_boots":2,"minecraft:beef":12,"minecraft:cooked_beef":27,"minecraft:cobbled_deepslate":262,"minecraft:iron_leggings":2,"minecraft:pointed_dripstone":8,"minecraft:wheat_seeds":1,"minecraft:cooked_mutton":24,"minecraft:water_bucket":1,"minecraft:birch_planks":11,"minecraft:white_dye":3,"minecraft:glow_ink_sac":3,"minecraft:crafting_table":14,"minecraft:mangrove_sign":8,"minecraft:smoker":1,"minecraft:diamond_pickaxe":14,"minecraft:apple":2,"minecraft:iron_pickaxe":1047,"minecraft:spruce_sapling":3,"minecraft:stone_axe":36,"minecraft:cobblestone":131,"minecraft:porkchop":4,"minecraft:cooked_porkchop":14,"minecraft:bucket":7,"minecraft:gray_wool":1}},"DataVersion":3953}