{"stats":{"minecraft:broken":{"minecraft:wooden_pickaxe":1},"minecraft:killed_by":{"minecraft:zombie":2},"minecraft:mined":{"minecraft:acacia_leaves":8,"minecraft:crafting_table":1,"minecraft:granite":1,"minecraft:short_grass":30,"minecraft:acacia_log":7,"minecraft:grass_block":4,"minecraft:poppy":9,"minecraft:copper_ore":13,"minecraft:tall_grass":7,"minecraft:mangrove_propagule":2,"minecraft:birch_log":5,"minecraft:iron_ore":20,"minecraft:moss_carpet":1,"minecraft:mangrove_leaves":3,"minecraft:pointed_dripstone":6,"minecraft:coal_ore":14,"minecraft:oak_log":5,"minecraft:vine":1,"minecraft:dirt":13,"minecraft:mangrove_log":3,"minecraft:stone":70,"minecraft:oak_leaves":1},"minecraft:killed":{"minecraft:pig":4,"minecraft:spider":3,"minecraft:sheep":4,"minecraft:skeleton":1,"minecraft:zombie":1,"minecraft:cow":4},"minecraft:custom":{"minecraft:interact_with_furnace":16,"minecraft:mob_kills":17,"minecraft:interact_with_crafting_table":8,"minecraft:leave_game":4,"minecraft:time_since_death":24096,"minecraft:climb_one_cm":1342,"minecraft:time_since_rest":24124,"minecraft:sprint_one_cm":69026,"minecraft:damage_taken":1019,"minecraft:walk_one_cm":110438,"minecraft:damage_blocked_by_shield":120,"minecraft:damage_dealt":2246,"minecraft:swim_one_cm":5021,"minecraft:fly_one_cm":175109,"minecraft:crouch_one_cm":2724,"minecraft:play_time":59922,"minecraft:deaths":2,"minecraft:sneak_time":724,"minecraft:walk_under_water_one_cm":1829,"minecraft:jump":718,"minecraft:walk_on_water_one_cm":12438,"minecraft:total_world_time":59922,"minecraft:fall_one_cm":17994},"minecraft:crafted":{"minecraft:cooked_beef":8,"minecraft:oak_planks":20,"minecraft:cooked_porkchop":5,"minecraft:crafting_table":2,"minecraft:wooden_pickaxe":1,"minecraft:furnace":2,"minecraft:copper_ingot":29,"minecraft:mangrove_planks":12,"minecraft:stone_axe":1,"minecraft:cooked_mutton":5,"minecraft:air":0,"minecraft:charcoal":6,"minecraft:shield":1,"minecraft:stick":12,"minecraft:iron_ingot":1,"minecraft:stone_pickaxe":1,"minecraft:wooden_axe":1,"minecraft:torch":16},"minecraft:used":{"minecraft:moss_carpet":1,"minecraft:stone_pickaxe":67,"minecraft:shield":3,"minecraft:wooden_pickaxe":59,"minecraft:white_dye":3,"minecraft:glow_ink_sac":3,"minecraft:white_wool":1,"minecraft:torch":16,"minecraft:dirt":25,"minecraft:crafting_table":3,"minecraft:mangrove_sign":8,"minecraft:wooden_axe":22,"minecraft:honeycomb":6,"minecraft:grass_block":3,"minecraft:barrier":7,"minecraft:stone_axe":14,"minecraft:bedrock":1,"minecraft:cobblestone":1,"minecraft:porkchop":1,"minecraft:furnace":2,"minecraft:cooked_porkchop":3,"minecraft:cooked_beef":1},"minecraft:picked_up":{"minecraft:wooden_axe":2,"minecraft:birch_log":5,"minecraft:crafting_table":2,"minecraft:leather":10,"minecraft:wooden_pickaxe":1,"minecraft:oak_log":5,"minecraft:gunpowder":2,"minecraft:string":3,"minecraft:dirt":38,"minecraft:moss_carpet":1,"minecraft:raw_copper":41,"minecraft:bone":3,"minecraft:acacia_planks":15,"minecraft:wheat_seeds":18,"minecraft:beef":16,"minecraft:poppy":18,"minecraft:mangrove_planks":14,"minecraft:acacia_sapling":2,"minecraft:mangrove_log":3,"minecraft:raw_iron":20,"minecraft:acacia_log":12,"minecraft:porkchop":13,"minecraft:pointed_dripstone":6,"minecraft:mangrove_sign":1,"minecraft:arrow":2,"minecraft:stone_axe":1,"minecraft:granite":1,"minecraft:coal":14,"minecraft:mangrove_propagule":4,"minecraft:mutton":10,"minecraft:white_wool":8,"minecraft:cobblestone":87}},"DataVersion":3953}