{"stats":{"minecraft:used":{"minecraft:barrier":7,"minecraft:bedrock":1,"minecraft:honeycomb":6,"minecraft:mangrove_sign":8,"minecraft:white_dye":3,"minecraft:glow_ink_sac":3,"minecraft:grass_block":3},"minecraft:picked_up":{"minecraft:mangrove_sign":1},"minecraft:custom":{"minecraft:jump":44,"minecraft:time_since_rest":13529,"minecraft:damage_dealt":10,"minecraft:leave_game":3,"minecraft:play_time":13529,"minecraft:sprint_one_cm":7112,"minecraft:damage_taken":10,"minecraft:time_since_death":13529,"minecraft:walk_one_cm":17961,"minecraft:sneak_time":112,"minecraft:climb_one_cm":220,"minecraft:total_world_time":13529,"minecraft:fall_one_cm":332,"minecraft:fly_one_cm":79724}},"DataVersion":3953}