{"stats":{"minecraft:custom":{"minecraft:jump":51,"minecraft:time_since_rest":15334,"minecraft:damage_dealt":10,"minecraft:leave_game":4,"minecraft:play_time":15334,"minecraft:sprint_one_cm":7112,"minecraft:damage_taken":10,"minecraft:time_since_death":15334,"minecraft:walk_one_cm":21958,"minecraft:sneak_time":112,"minecraft:total_world_time":15334,"minecraft:climb_one_cm":457,"minecraft:fall_one_cm":332,"minecraft:fly_one_cm":79724},"minecraft:picked_up":{"minecraft:mangrove_sign":1},"minecraft:used":{"minecraft:barrier":7,"minecraft:bedrock":1,"minecraft:honeycomb":6,"minecraft:mangrove_sign":8,"minecraft:white_dye":3,"minecraft:glow_ink_sac":3,"minecraft:grass_block":3}},"DataVersion":3953}