{"stats":{"minecraft:crafted":{"minecraft:oak_planks":64,"minecraft:oak_sign":3,"minecraft:cooked_chicken":1,"minecraft:lightning_rod":1,"minecraft:furnace":6,"minecraft:stone":8,"minecraft:bone_meal":3,"minecraft:cooked_mutton":12,"minecraft:glass":57,"minecraft:iron_boots":1,"minecraft:iron_axe":2,"minecraft:stone_pickaxe":1,"minecraft:chest":3,"minecraft:birch_door":3,"minecraft:cooked_beef":24,"minecraft:cooked_porkchop":7,"minecraft:crafting_table":6,"minecraft:iron_helmet":2,"minecraft:wooden_pickaxe":1,"minecraft:iron_sword":2,"minecraft:blue_bed":2,"minecraft:cooked_salmon":4,"minecraft:copper_ingot":41,"minecraft:mangrove_planks":12,"minecraft:bucket":2,"minecraft:birch_planks":40,"minecraft:stone_axe":1,"minecraft:air":0,"minecraft:blue_dye":2,"minecraft:iron_chestplate":1,"minecraft:charcoal":6,"minecraft:shield":1,"minecraft:stick":64,"minecraft:iron_ingot":104,"minecraft:iron_pickaxe":3,"minecraft:wooden_axe":1,"minecraft:iron_shovel":1,"minecraft:iron_leggings":1,"minecraft:gold_ingot":30,"minecraft:white_bed":2,"minecraft:torch":140,"minecraft:shears":1},"minecraft:custom":{"minecraft:interact_with_smithing_table":1,"minecraft:mob_kills":82,"minecraft:interact_with_crafting_table":41,"minecraft:leave_game":6,"minecraft:time_since_death":12707,"minecraft:climb_one_cm":1522,"minecraft:sprint_one_cm":567941,"minecraft:walk_one_cm":527109,"minecraft:damage_blocked_by_shield":2120,"minecraft:drop":47,"minecraft:talked_to_villager":1,"minecraft:play_time":215656,"minecraft:sneak_time":3655,"minecraft:deaths":10,"minecraft:walk_under_water_one_cm":17782,"minecraft:jump":2969,"minecraft:walk_on_water_one_cm":30843,"minecraft:total_world_time":215656,"minecraft:interact_with_furnace":90,"minecraft:sleep_in_bed":4,"minecraft:time_since_rest":1383,"minecraft:damage_taken":6356,"minecraft:damage_dealt":12674,"minecraft:swim_one_cm":66713,"minecraft:fly_one_cm":658159,"minecraft:open_chest":17,"minecraft:crouch_one_cm":10101,"minecraft:fall_one_cm":73513},"minecraft:mined":{"minecraft:large_amethyst_bud":3,"minecraft:tuff":4,"minecraft:deepslate_diamond_ore":12,"minecraft:budding_amethyst":1,"minecraft:granite":4,"minecraft:acacia_log":7,"minecraft:grass_block":62,"minecraft:mangrove_propagule":2,"minecraft:hay_block":38,"minecraft:furnace":2,"minecraft:carrots":5,"minecraft:iron_ore":33,"minecraft:cobbled_deepslate":4,"minecraft:fire":2,"minecraft:andesite":1,"minecraft:moss_carpet":1,"minecraft:deepslate_lapis_ore":4,"minecraft:bookshelf":8,"minecraft:pointed_dripstone":22,"minecraft:vine":1,"minecraft:deepslate_iron_ore":71,"minecraft:rail":4,"minecraft:stone":165,"minecraft:smithing_table":1,"minecraft:deepslate_redstone_ore":12,"minecraft:acacia_leaves":8,"minecraft:medium_amethyst_bud":4,"minecraft:amethyst_cluster":2,"minecraft:crafting_table":2,"minecraft:torch":2,"minecraft:short_grass":48,"minecraft:poppy":9,"minecraft:glass":1,"minecraft:copper_ore":13,"minecraft:tall_grass":9,"minecraft:lightning_rod":1,"minecraft:cobblestone":7,"minecraft:wall_torch":1,"minecraft:deepslate_gold_ore":30,"minecraft:lapis_ore":1,"minecraft:sugar_cane":9,"minecraft:diorite":1,"minecraft:blue_bed":1,"minecraft:amethyst_block":9,"minecraft:birch_log":11,"minecraft:wheat":1,"minecraft:birch_leaves":58,"minecraft:mangrove_leaves":3,"minecraft:oak_log":16,"minecraft:coal_ore":53,"minecraft:beetroots":1,"minecraft:gravel":3,"minecraft:sand":143,"minecraft:dripstone_block":1,"minecraft:dirt":68,"minecraft:cobweb":28,"minecraft:mangrove_log":3,"minecraft:oak_leaves":5,"minecraft:deepslate":59},"minecraft:picked_up":{"minecraft:wooden_axe":3,"minecraft:crafting_table":3,"minecraft:iron_chestplate":6,"minecraft:chicken":1,"minecraft:smithing_table":1,"minecraft:wooden_pickaxe":1,"minecraft:enchanted_book":2,"minecraft:shield":7,"minecraft:amethyst_block":9,"minecraft:string":256,"minecraft:moss_carpet":1,"minecraft:raw_copper":41,"minecraft:iron_axe":5,"minecraft:iron_leggings":2,"minecraft:iron_shovel":2,"minecraft:cobbled_deepslate":216,"minecraft:detector_rail":12,"minecraft:bucket":1,"minecraft:beef":32,"minecraft:white_tulip":1,"minecraft:poppy":54,"minecraft:iron_pickaxe":6,"minecraft:sugar_cane":114,"minecraft:chest":1,"minecraft:furnace":2,"minecraft:mangrove_log":3,"minecraft:iron_boots":2,"minecraft:egg":3,"minecraft:stick":10,"minecraft:raw_iron":184,"minecraft:stone":18,"minecraft:copper_ingot":183,"minecraft:torch":54,"minecraft:acacia_log":12,"minecraft:porkchop":15,"minecraft:lightning_rod":1,"minecraft:diorite":1,"minecraft:pointed_dripstone":156,"minecraft:mangrove_sign":1,"minecraft:carrot":12,"minecraft:redstone":241,"minecraft:arrow":77,"minecraft:rotten_flesh":55,"minecraft:beetroot_seeds":2,"minecraft:shears":1,"minecraft:hay_block":76,"minecraft:gold_ingot":36,"minecraft:glow_berries":4,"minecraft:mutton":19,"minecraft:rail":17,"minecraft:white_wool":41,"minecraft:cobblestone":384,"minecraft:oxeye_daisy":5,"minecraft:birch_log":40,"minecraft:birch_leaves":56,"minecraft:feather":2,"minecraft:cooked_beef":9,"minecraft:andesite":1,"minecraft:salmon":4,"minecraft:leather":67,"minecraft:potato":7,"minecraft:birch_planks":32,"minecraft:tuff":2,"minecraft:oak_log":16,"minecraft:gunpowder":12,"minecraft:lapis_lazuli":90,"minecraft:dirt":253,"minecraft:blue_bed":1,"minecraft:name_tag":8,"minecraft:glass":28,"minecraft:cooked_mutton":17,"minecraft:bone":41,"minecraft:acacia_planks":90,"minecraft:kelp":40,"minecraft:bow":3,"minecraft:wheat_seeds":81,"minecraft:raw_gold":34,"minecraft:iron_ingot":69,"minecraft:stone_pickaxe":7,"minecraft:cooked_chicken":1,"minecraft:powered_rail":18,"minecraft:mangrove_planks":14,"minecraft:iron_sword":5,"minecraft:oak_planks":43,"minecraft:acacia_sapling":7,"minecraft:book":72,"minecraft:cooked_porkchop":4,"minecraft:lava_bucket":1,"minecraft:dripstone_block":3,"minecraft:gravel":3,"minecraft:sand":143,"minecraft:amethyst_shard":10,"minecraft:spider_eye":5,"minecraft:diamond":46,"minecraft:stone_axe":6,"minecraft:iron_helmet":1,"minecraft:granite":8,"minecraft:bread":1,"minecraft:melon_seeds":12,"minecraft:mangrove_propagule":14,"minecraft:coal":77},"minecraft:killed_by":{"minecraft:creeper":1,"minecraft:spider":1,"minecraft:cave_spider":1,"minecraft:skeleton":2,"minecraft:zombie":5},"minecraft:broken":{"minecraft:iron_shovel":1,"minecraft:wooden_pickaxe":1,"minecraft:iron_pickaxe":1},"minecraft:dropped":{"minecraft:iron_ingot":6,"minecraft:birch_planks":18,"minecraft:wheat_seeds":14,"minecraft:dripstone_block":3,"minecraft:feather":1,"minecraft:cobblestone":86,"minecraft:book":24,"minecraft:stick":6,"minecraft:torch":4,"minecraft:iron_pickaxe":1,"minecraft:iron_shovel":1,"minecraft:string":49,"minecraft:birch_log":4,"minecraft:furnace":1,"minecraft:sugar_cane":76,"minecraft:cooked_chicken":1,"minecraft:cobbled_deepslate":55,"minecraft:tuff":1,"minecraft:rotten_flesh":3,"minecraft:oak_planks":29,"minecraft:carrot":1,"minecraft:poppy":9,"minecraft:stone":18,"minecraft:andesite":1,"minecraft:melon_seeds":3,"minecraft:chest":1,"minecraft:spider_eye":2,"minecraft:glass":15},"minecraft:killed":{"minecraft:cave_spider":8,"minecraft:spider":10,"minecraft:cod":1,"minecraft:skeleton":10,"minecraft:chicken":1,"minecraft:drowned":1,"minecraft:pig":4,"minecraft:salmon":4,"minecraft:sheep":11,"minecraft:zombie":16,"minecraft:cow":13},"minecraft:used":{"minecraft:moss_carpet":1,"minecraft:iron_shovel":250,"minecraft:oak_sign":3,"minecraft:chest":3,"minecraft:shield":63,"minecraft:stone":7,"minecraft:iron_sword":201,"minecraft:cooked_salmon":4,"minecraft:cooked_chicken":1,"minecraft:rotten_flesh":16,"minecraft:iron_chestplate":1,"minecraft:torch":185,"minecraft:dirt":130,"minecraft:mutton":2,"minecraft:carrot":5,"minecraft:tuff":1,"minecraft:granite":4,"minecraft:birch_door":1,"minecraft:glass":46,"minecraft:wooden_axe":22,"minecraft:honeycomb":6,"minecraft:lava_bucket":2,"minecraft:iron_axe":54,"minecraft:grass_block":3,"minecraft:iron_boots":1,"minecraft:bedrock":1,"minecraft:bow":3,"minecraft:furnace":7,"minecraft:egg":3,"minecraft:potato":1,"minecraft:cooked_beef":14,"minecraft:cobbled_deepslate":70,"minecraft:pointed_dripstone":8,"minecraft:cooked_mutton":12,"minecraft:wheat_seeds":1,"minecraft:diorite":1,"minecraft:birch_leaves":19,"minecraft:birch_planks":10,"minecraft:oak_planks":1,"minecraft:stone_pickaxe":73,"minecraft:wooden_pickaxe":59,"minecraft:white_dye":3,"minecraft:blue_bed":3,"minecraft:glow_ink_sac":3,"minecraft:white_wool":1,"minecraft:glow_berries":3,"minecraft:crafting_table":8,"minecraft:mangrove_sign":8,"minecraft:shears":57,"minecraft:lightning_rod":2,"minecraft:iron_pickaxe":403,"minecraft:bread":3,"minecraft:barrier":7,"minecraft:stone_axe":36,"minecraft:cobblestone":89,"minecraft:porkchop":1,"minecraft:cooked_porkchop":7,"minecraft:smithing_table":1,"minecraft:birch_log":1,"minecraft:bucket":6,"minecraft:bone_meal":3}},"DataVersion":3953}