{"stats":{"minecraft:used":{"minecraft:barrier":7,"minecraft:bedrock":1,"minecraft:honeycomb":6,"minecraft:mangrove_sign":8,"minecraft:white_dye":3,"minecraft:glow_ink_sac":3,"minecraft:grass_block":3},"minecraft:picked_up":{"minecraft:mangrove_sign":1},"minecraft:custom":{"minecraft:jump":22,"minecraft:time_since_rest":10784,"minecraft:leave_game":2,"minecraft:play_time":10784,"minecraft:sprint_one_cm":4191,"minecraft:damage_taken":10,"minecraft:time_since_death":10784,"minecraft:walk_one_cm":14330,"minecraft:sneak_time":7,"minecraft:climb_one_cm":208,"minecraft:total_world_time":10784,"minecraft:fall_one_cm":332,"minecraft:fly_one_cm":2144}},"DataVersion":3953}