{"stats":{"minecraft:used":{"minecraft:barrier":7,"minecraft:bedrock":1,"minecraft:honeycomb":6,"minecraft:mangrove_sign":8,"minecraft:white_dye":3,"minecraft:glow_ink_sac":3,"minecraft:grass_block":3},"minecraft:picked_up":{"minecraft:mangrove_sign":1},"minecraft:custom":{"minecraft:jump":14,"minecraft:time_since_rest":9678,"minecraft:leave_game":1,"minecraft:play_time":9678,"minecraft:sprint_one_cm":3725,"minecraft:damage_taken":10,"minecraft:time_since_death":9678,"minecraft:walk_one_cm":13085,"minecraft:sneak_time":7,"minecraft:total_world_time":9678,"minecraft:fall_one_cm":332,"minecraft:fly_one_cm":1189}},"DataVersion":3953}