{"stats":{"minecraft:mined":{"minecraft:vine":1,"minecraft:moss_carpet":1,"minecraft:mangrove_propagule":2},"minecraft:custom":{"minecraft:time_since_rest":23922,"minecraft:crouch_one_cm":159,"minecraft:sprint_one_cm":9585,"minecraft:play_time":23922,"minecraft:damage_taken":50,"minecraft:walk_one_cm":32017,"minecraft:sneak_time":140,"minecraft:jump":88,"minecraft:damage_dealt":10,"minecraft:leave_game":4,"minecraft:time_since_death":23922,"minecraft:climb_one_cm":457,"minecraft:total_world_time":23922,"minecraft:fly_one_cm":82916,"minecraft:fall_one_cm":2036},"minecraft:picked_up":{"minecraft:mangrove_sign":1,"minecraft:mangrove_propagule":2,"minecraft:moss_carpet":1},"minecraft:used":{"minecraft:bedrock":1,"minecraft:moss_carpet":1,"minecraft:honeycomb":6,"minecraft:grass_block":3,"minecraft:barrier":7,"minecraft:mangrove_sign":8,"minecraft:white_dye":3,"minecraft:glow_ink_sac":3}},"DataVersion":3953}