{"stats":{"minecraft:killed_by":{"minecraft:zombie":2},"minecraft:mined":{"minecraft:moss_carpet":1,"minecraft:mangrove_leaves":3,"minecraft:short_grass":30,"minecraft:grass_block":4,"minecraft:poppy":9,"minecraft:vine":1,"minecraft:dirt":10,"minecraft:mangrove_log":3,"minecraft:tall_grass":7,"minecraft:stone":13,"minecraft:mangrove_propagule":2},"minecraft:killed":{"minecraft:sheep":4,"minecraft:pig":3,"minecraft:cow":4},"minecraft:custom":{"minecraft:time_since_rest":124,"minecraft:interact_with_furnace":1,"minecraft:sprint_one_cm":41325,"minecraft:damage_taken":600,"minecraft:walk_one_cm":65932,"minecraft:mob_kills":11,"minecraft:damage_dealt":1464,"minecraft:interact_with_crafting_table":4,"minecraft:fly_one_cm":131479,"minecraft:crouch_one_cm":159,"minecraft:play_time":35922,"minecraft:deaths":2,"minecraft:sneak_time":140,"minecraft:jump":402,"minecraft:leave_game":4,"minecraft:time_since_death":96,"minecraft:walk_on_water_one_cm":1558,"minecraft:total_world_time":35922,"minecraft:climb_one_cm":1008,"minecraft:fall_one_cm":10211},"minecraft:crafted":{"minecraft:crafting_table":1,"minecraft:stick":4,"minecraft:wooden_pickaxe":1,"minecraft:wooden_axe":1,"minecraft:furnace":1,"minecraft:mangrove_planks":12},"minecraft:used":{"minecraft:wooden_axe":15,"minecraft:moss_carpet":1,"minecraft:honeycomb":6,"minecraft:grass_block":3,"minecraft:barrier":7,"minecraft:wooden_pickaxe":15,"minecraft:white_dye":3,"minecraft:glow_ink_sac":3,"minecraft:stone_axe":2,"minecraft:bedrock":1,"minecraft:crafting_table":1,"minecraft:furnace":1,"minecraft:porkchop":1,"minecraft:mangrove_sign":8},"minecraft:picked_up":{"minecraft:wooden_axe":1,"minecraft:crafting_table":1,"minecraft:leather":5,"minecraft:acacia_log":5,"minecraft:porkchop":6,"minecraft:mangrove_sign":1,"minecraft:dirt":13,"minecraft:moss_carpet":1,"minecraft:stone_axe":1,"minecraft:wheat_seeds":9,"minecraft:beef":8,"minecraft:poppy":9,"minecraft:mangrove_planks":14,"minecraft:acacia_sapling":2,"minecraft:mutton":5,"minecraft:mangrove_propagule":2,"minecraft:mangrove_log":3,"minecraft:white_wool":4,"minecraft:cobblestone":13}},"DataVersion":3953}