{"stats":{"minecraft:broken":{"minecraft:wooden_pickaxe":1,"minecraft:stone_pickaxe":1,"minecraft:iron_pickaxe":1},"minecraft:crafted":{"minecraft:oak_planks":68,"minecraft:oak_sign":3,"minecraft:cooked_chicken":1,"minecraft:lightning_rod":1,"minecraft:furnace":3,"minecraft:stone":11,"minecraft:bone_meal":3,"minecraft:cooked_mutton":12,"minecraft:glass":34,"minecraft:iron_boots":1,"minecraft:iron_axe":2,"minecraft:stone_pickaxe":1,"minecraft:chest":2,"minecraft:birch_door":3,"minecraft:cooked_beef":24,"minecraft:cooked_porkchop":7,"minecraft:crafting_table":5,"minecraft:iron_helmet":2,"minecraft:wooden_pickaxe":1,"minecraft:iron_sword":2,"minecraft:blue_bed":2,"minecraft:cooked_salmon":4,"minecraft:copper_ingot":41,"minecraft:mangrove_planks":12,"minecraft:bucket":2,"minecraft:birch_planks":40,"minecraft:campfire":1,"minecraft:stone_axe":1,"minecraft:air":0,"minecraft:blue_dye":2,"minecraft:iron_chestplate":1,"minecraft:charcoal":6,"minecraft:shield":1,"minecraft:stick":68,"minecraft:iron_ingot":104,"minecraft:iron_pickaxe":3,"minecraft:wooden_axe":1,"minecraft:iron_shovel":1,"minecraft:iron_leggings":1,"minecraft:gold_ingot":30,"minecraft:white_bed":2,"minecraft:torch":140},"minecraft:dropped":{"minecraft:iron_ingot":27,"minecraft:wheat_seeds":14,"minecraft:dripstone_block":3,"minecraft:feather":1,"minecraft:cobblestone":40,"minecraft:book":24,"minecraft:stick":8,"minecraft:iron_pickaxe":1,"minecraft:string":103,"minecraft:furnace":1,"minecraft:cooked_chicken":1,"minecraft:cobbled_deepslate":65,"minecraft:tuff":1,"minecraft:rotten_flesh":2,"minecraft:oak_planks":20,"minecraft:carrot":1,"minecraft:poppy":9,"minecraft:andesite":1,"minecraft:spider_eye":2,"minecraft:stone_pickaxe":1},"minecraft:used":{"minecraft:moss_carpet":1,"minecraft:iron_shovel":95,"minecraft:oak_sign":3,"minecraft:chest":2,"minecraft:shield":69,"minecraft:iron_sword":207,"minecraft:stone":11,"minecraft:cooked_salmon":4,"minecraft:cooked_chicken":1,"minecraft:rotten_flesh":16,"minecraft:iron_chestplate":1,"minecraft:torch":186,"minecraft:dirt":129,"minecraft:mutton":2,"minecraft:carrot":5,"minecraft:tuff":1,"minecraft:granite":4,"minecraft:birch_door":1,"minecraft:glass":28,"minecraft:wooden_axe":22,"minecraft:honeycomb":6,"minecraft:lava_bucket":2,"minecraft:iron_axe":57,"minecraft:grass_block":3,"minecraft:iron_boots":1,"minecraft:bedrock":1,"minecraft:bow":3,"minecraft:oak_sapling":1,"minecraft:furnace":4,"minecraft:egg":3,"minecraft:potato":1,"minecraft:cooked_beef":17,"minecraft:cobbled_deepslate":67,"minecraft:pointed_dripstone":8,"minecraft:wheat_seeds":1,"minecraft:cooked_mutton":12,"minecraft:water_bucket":1,"minecraft:diorite":1,"minecraft:birch_planks":10,"minecraft:oak_planks":1,"minecraft:stone_pickaxe":131,"minecraft:wooden_pickaxe":59,"minecraft:white_dye":3,"minecraft:blue_bed":3,"minecraft:glow_ink_sac":3,"minecraft:white_wool":1,"minecraft:glow_berries":3,"minecraft:crafting_table":7,"minecraft:campfire":1,"minecraft:mangrove_sign":8,"minecraft:lightning_rod":2,"minecraft:iron_pickaxe":446,"minecraft:bread":3,"minecraft:barrier":7,"minecraft:stone_axe":36,"minecraft:cobblestone":92,"minecraft:porkchop":1,"minecraft:cooked_porkchop":7,"minecraft:smithing_table":1,"minecraft:bucket":8,"minecraft:bone_meal":3},"minecraft:picked_up":{"minecraft:wooden_axe":3,"minecraft:iron_chestplate":5,"minecraft:crafting_table":3,"minecraft:chicken":1,"minecraft:smithing_table":1,"minecraft:wooden_pickaxe":1,"minecraft:enchanted_book":1,"minecraft:shield":6,"minecraft:amethyst_block":9,"minecraft:string":256,"minecraft:moss_carpet":1,"minecraft:raw_copper":41,"minecraft:iron_axe":4,"minecraft:iron_leggings":1,"minecraft:cobbled_deepslate":222,"minecraft:detector_rail":8,"minecraft:beef":32,"minecraft:poppy":54,"minecraft:iron_pickaxe":5,"minecraft:sugar_cane":19,"minecraft:furnace":2,"minecraft:mangrove_log":3,"minecraft:iron_boots":1,"minecraft:egg":3,"minecraft:stick":12,"minecraft:raw_iron":184,"minecraft:copper_ingot":183,"minecraft:torch":48,"minecraft:acacia_log":12,"minecraft:porkchop":15,"minecraft:lightning_rod":1,"minecraft:diorite":9,"minecraft:pointed_dripstone":125,"minecraft:mangrove_sign":1,"minecraft:carrot":9,"minecraft:redstone":178,"minecraft:arrow":65,"minecraft:rotten_flesh":52,"minecraft:beetroot_seeds":1,"minecraft:hay_block":38,"minecraft:gold_ingot":6,"minecraft:glow_berries":4,"minecraft:mutton":19,"minecraft:cobblestone":387,"minecraft:rail":17,"minecraft:white_wool":37,"minecraft:oxeye_daisy":2,"minecraft:birch_log":30,"minecraft:feather":2,"minecraft:cooked_beef":9,"minecraft:andesite":1,"minecraft:salmon":4,"minecraft:leather":54,"minecraft:potato":7,"minecraft:birch_planks":14,"minecraft:tuff":2,"minecraft:oak_log":20,"minecraft:gunpowder":12,"minecraft:lapis_lazuli":69,"minecraft:dirt":207,"minecraft:blue_bed":1,"minecraft:name_tag":5,"minecraft:cooked_mutton":17,"minecraft:bone":32,"minecraft:acacia_planks":90,"minecraft:kelp":20,"minecraft:bow":2,"minecraft:wheat_seeds":81,"minecraft:raw_gold":34,"minecraft:iron_ingot":71,"minecraft:stone_pickaxe":7,"minecraft:cooked_chicken":1,"minecraft:powered_rail":12,"minecraft:mangrove_planks":14,"minecraft:iron_sword":4,"minecraft:oak_planks":34,"minecraft:acacia_sapling":7,"minecraft:book":48,"minecraft:cooked_porkchop":4,"minecraft:lava_bucket":1,"minecraft:dripstone_block":3,"minecraft:gravel":3,"minecraft:sand":43,"minecraft:amethyst_shard":10,"minecraft:spider_eye":5,"minecraft:diamond":32,"minecraft:stone_axe":6,"minecraft:granite":8,"minecraft:bread":1,"minecraft:oak_sapling":1,"minecraft:melon_seeds":6,"minecraft:mangrove_propagule":14,"minecraft:coal":72},"minecraft:killed":{"minecraft:cave_spider":8,"minecraft:spider":10,"minecraft:cod":1,"minecraft:skeleton":12,"minecraft:chicken":1,"minecraft:drowned":1,"minecraft:pig":4,"minecraft:salmon":4,"minecraft:sheep":11,"minecraft:zombie":14,"minecraft:enderman":1,"minecraft:cow":13},"minecraft:custom":{"minecraft:interact_with_smithing_table":1,"minecraft:mob_kills":83,"minecraft:interact_with_crafting_table":37,"minecraft:leave_game":10,"minecraft:time_since_death":75194,"minecraft:climb_one_cm":1522,"minecraft:sprint_one_cm":599173,"minecraft:walk_one_cm":521911,"minecraft:damage_blocked_by_shield":2360,"minecraft:drop":35,"minecraft:talked_to_villager":1,"minecraft:play_time":213725,"minecraft:sneak_time":3550,"minecraft:deaths":9,"minecraft:walk_under_water_one_cm":22999,"minecraft:jump":3189,"minecraft:walk_on_water_one_cm":35614,"minecraft:total_world_time":213725,"minecraft:interact_with_furnace":89,"minecraft:sleep_in_bed":3,"minecraft:time_since_rest":8584,"minecraft:damage_taken":6244,"minecraft:damage_dealt":12944,"minecraft:swim_one_cm":88930,"minecraft:fly_one_cm":694649,"minecraft:open_chest":10,"minecraft:crouch_one_cm":9120,"minecraft:fall_one_cm":78317},"minecraft:mined":{"minecraft:large_amethyst_bud":3,"minecraft:tuff":4,"minecraft:deepslate_diamond_ore":12,"minecraft:budding_amethyst":1,"minecraft:granite":4,"minecraft:acacia_log":7,"minecraft:grass_block":31,"minecraft:mangrove_propagule":2,"minecraft:hay_block":38,"minecraft:furnace":2,"minecraft:carrots":5,"minecraft:iron_ore":33,"minecraft:cobbled_deepslate":2,"minecraft:fire":2,"minecraft:andesite":1,"minecraft:moss_carpet":1,"minecraft:deepslate_lapis_ore":4,"minecraft:bookshelf":8,"minecraft:pointed_dripstone":22,"minecraft:vine":1,"minecraft:deepslate_iron_ore":71,"minecraft:rail":4,"minecraft:stone":260,"minecraft:smithing_table":1,"minecraft:deepslate_redstone_ore":12,"minecraft:acacia_leaves":8,"minecraft:medium_amethyst_bud":4,"minecraft:amethyst_cluster":2,"minecraft:crafting_table":2,"minecraft:torch":2,"minecraft:short_grass":48,"minecraft:poppy":9,"minecraft:copper_ore":13,"minecraft:tall_grass":9,"minecraft:lightning_rod":1,"minecraft:cobblestone":3,"minecraft:deepslate_gold_ore":30,"minecraft:lapis_ore":1,"minecraft:sugar_cane":9,"minecraft:blue_bed":1,"minecraft:diorite":9,"minecraft:wall_torch":3,"minecraft:amethyst_block":9,"minecraft:birch_log":10,"minecraft:wheat":1,"minecraft:birch_leaves":1,"minecraft:mangrove_leaves":3,"minecraft:oak_log":20,"minecraft:coal_ore":56,"minecraft:beetroots":1,"minecraft:gravel":3,"minecraft:sand":43,"minecraft:dripstone_block":1,"minecraft:dirt":63,"minecraft:cobweb":28,"minecraft:mangrove_log":3,"minecraft:deepslate":59,"minecraft:oak_leaves":6},"minecraft:killed_by":{"minecraft:spider":1,"minecraft:cave_spider":1,"minecraft:skeleton":2,"minecraft:zombie":5}},"DataVersion":3953}