{"stats":{"minecraft:killed_by":{"minecraft:spider":1,"minecraft:cave_spider":1,"minecraft:skeleton":2,"minecraft:zombie":4},"minecraft:dropped":{"minecraft:iron_ingot":5,"minecraft:wheat_seeds":12,"minecraft:dripstone_block":3,"minecraft:stick":4,"minecraft:tuff":1,"minecraft:poppy":9,"minecraft:andesite":1},"minecraft:broken":{"minecraft:wooden_pickaxe":1,"minecraft:iron_pickaxe":1},"minecraft:used":{"minecraft:moss_carpet":1,"minecraft:shield":39,"minecraft:iron_sword":121,"minecraft:rotten_flesh":16,"minecraft:iron_chestplate":1,"minecraft:torch":168,"minecraft:dirt":52,"minecraft:tuff":1,"minecraft:granite":4,"minecraft:wooden_axe":22,"minecraft:honeycomb":6,"minecraft:iron_axe":5,"minecraft:grass_block":3,"minecraft:bedrock":1,"minecraft:furnace":2,"minecraft:egg":3,"minecraft:cooked_beef":8,"minecraft:pointed_dripstone":8,"minecraft:cooked_mutton":5,"minecraft:diorite":1,"minecraft:birch_planks":10,"minecraft:stone_pickaxe":73,"minecraft:oak_planks":1,"minecraft:wooden_pickaxe":59,"minecraft:white_dye":3,"minecraft:glow_ink_sac":3,"minecraft:white_wool":1,"minecraft:glow_berries":2,"minecraft:crafting_table":4,"minecraft:mangrove_sign":8,"minecraft:lightning_rod":2,"minecraft:bread":3,"minecraft:barrier":7,"minecraft:iron_pickaxe":281,"minecraft:stone_axe":36,"minecraft:cobblestone":58,"minecraft:porkchop":1,"minecraft:cooked_porkchop":7},"minecraft:custom":{"minecraft:mob_kills":53,"minecraft:interact_with_crafting_table":21,"minecraft:leave_game":5,"minecraft:time_since_death":24276,"minecraft:climb_one_cm":1522,"minecraft:sprint_one_cm":339658,"minecraft:walk_one_cm":332252,"minecraft:damage_blocked_by_shield":1390,"minecraft:drop":8,"minecraft:play_time":126661,"minecraft:deaths":8,"minecraft:sneak_time":1743,"minecraft:walk_under_water_one_cm":4213,"minecraft:jump":1688,"minecraft:walk_on_water_one_cm":23338,"minecraft:total_world_time":126661,"minecraft:interact_with_furnace":39,"minecraft:time_since_rest":24319,"minecraft:damage_taken":4717,"minecraft:damage_dealt":8511,"minecraft:swim_one_cm":18482,"minecraft:fly_one_cm":403194,"minecraft:open_chest":2,"minecraft:crouch_one_cm":4768,"minecraft:fall_one_cm":40407},"minecraft:mined":{"minecraft:large_amethyst_bud":3,"minecraft:tuff":4,"minecraft:deepslate_diamond_ore":12,"minecraft:granite":4,"minecraft:budding_amethyst":1,"minecraft:acacia_log":7,"minecraft:grass_block":4,"minecraft:mangrove_propagule":2,"minecraft:iron_ore":33,"minecraft:fire":2,"minecraft:andesite":1,"minecraft:moss_carpet":1,"minecraft:deepslate_lapis_ore":4,"minecraft:pointed_dripstone":22,"minecraft:deepslate_iron_ore":71,"minecraft:vine":1,"minecraft:rail":4,"minecraft:stone":76,"minecraft:deepslate_redstone_ore":12,"minecraft:acacia_leaves":8,"minecraft:medium_amethyst_bud":4,"minecraft:amethyst_cluster":2,"minecraft:crafting_table":1,"minecraft:torch":2,"minecraft:short_grass":32,"minecraft:poppy":9,"minecraft:lightning_rod":1,"minecraft:tall_grass":8,"minecraft:copper_ore":13,"minecraft:cobblestone":3,"minecraft:lapis_ore":1,"minecraft:deepslate_gold_ore":30,"minecraft:diorite":1,"minecraft:amethyst_block":9,"minecraft:birch_log":5,"minecraft:mangrove_leaves":3,"minecraft:oak_log":5,"minecraft:coal_ore":33,"minecraft:gravel":3,"minecraft:dripstone_block":1,"minecraft:dirt":15,"minecraft:cobweb":28,"minecraft:mangrove_log":3,"minecraft:oak_leaves":1,"minecraft:deepslate":59},"minecraft:picked_up":{"minecraft:wooden_axe":3,"minecraft:iron_chestplate":4,"minecraft:crafting_table":2,"minecraft:chicken":1,"minecraft:wooden_pickaxe":1,"minecraft:shield":5,"minecraft:amethyst_block":9,"minecraft:string":94,"minecraft:moss_carpet":1,"minecraft:raw_copper":41,"minecraft:iron_axe":4,"minecraft:cobbled_deepslate":90,"minecraft:detector_rail":4,"minecraft:beef":24,"minecraft:poppy":54,"minecraft:iron_pickaxe":4,"minecraft:mangrove_log":3,"minecraft:egg":3,"minecraft:stick":10,"minecraft:raw_iron":184,"minecraft:copper_ingot":183,"minecraft:torch":41,"minecraft:acacia_log":12,"minecraft:porkchop":15,"minecraft:lightning_rod":1,"minecraft:mangrove_sign":1,"minecraft:pointed_dripstone":94,"minecraft:diorite":1,"minecraft:redstone":115,"minecraft:rotten_flesh":48,"minecraft:arrow":44,"minecraft:glow_berries":3,"minecraft:mutton":14,"minecraft:cobblestone":168,"minecraft:rail":17,"minecraft:white_wool":27,"minecraft:birch_log":25,"minecraft:feather":1,"minecraft:cooked_beef":9,"minecraft:andesite":1,"minecraft:leather":41,"minecraft:birch_planks":14,"minecraft:tuff":2,"minecraft:oak_log":5,"minecraft:gunpowder":12,"minecraft:lapis_lazuli":46,"minecraft:dirt":129,"minecraft:name_tag":2,"minecraft:cooked_mutton":17,"minecraft:bone":11,"minecraft:acacia_planks":90,"minecraft:wheat_seeds":78,"minecraft:raw_gold":34,"minecraft:stone_pickaxe":5,"minecraft:iron_ingot":18,"minecraft:powered_rail":6,"minecraft:mangrove_planks":14,"minecraft:iron_sword":4,"minecraft:oak_planks":14,"minecraft:acacia_sapling":7,"minecraft:cooked_porkchop":4,"minecraft:gravel":3,"minecraft:dripstone_block":3,"minecraft:amethyst_shard":10,"minecraft:spider_eye":3,"minecraft:diamond":18,"minecraft:stone_axe":6,"minecraft:granite":8,"minecraft:bread":1,"minecraft:coal":39,"minecraft:melon_seeds":3,"minecraft:mangrove_propagule":14},"minecraft:crafted":{"minecraft:oak_planks":20,"minecraft:lightning_rod":1,"minecraft:furnace":2,"minecraft:cooked_mutton":5,"minecraft:iron_axe":1,"minecraft:stone_pickaxe":1,"minecraft:cooked_beef":8,"minecraft:cooked_porkchop":7,"minecraft:crafting_table":3,"minecraft:wooden_pickaxe":1,"minecraft:iron_helmet":1,"minecraft:iron_sword":1,"minecraft:copper_ingot":41,"minecraft:bucket":2,"minecraft:mangrove_planks":12,"minecraft:birch_planks":20,"minecraft:stone_axe":1,"minecraft:air":0,"minecraft:iron_chestplate":1,"minecraft:charcoal":6,"minecraft:shield":1,"minecraft:stick":52,"minecraft:iron_ingot":34,"minecraft:iron_pickaxe":2,"minecraft:wooden_axe":1,"minecraft:torch":132},"minecraft:killed":{"minecraft:cave_spider":8,"minecraft:spider":5,"minecraft:skeleton":6,"minecraft:chicken":1,"minecraft:pig":4,"minecraft:sheep":8,"minecraft:zombie":10,"minecraft:cow":8}},"DataVersion":3953}