{"stats":{"minecraft:broken":{"minecraft:wooden_pickaxe":1},"minecraft:killed_by":{"minecraft:spider":1,"minecraft:cave_spider":1,"minecraft:skeleton":2,"minecraft:zombie":4},"minecraft:mined":{"minecraft:tuff":4,"minecraft:deepslate_diamond_ore":4,"minecraft:granite":4,"minecraft:acacia_log":7,"minecraft:grass_block":4,"minecraft:mangrove_propagule":2,"minecraft:iron_ore":33,"minecraft:fire":2,"minecraft:andesite":1,"minecraft:moss_carpet":1,"minecraft:deepslate_lapis_ore":4,"minecraft:pointed_dripstone":16,"minecraft:vine":1,"minecraft:deepslate_iron_ore":58,"minecraft:rail":2,"minecraft:stone":76,"minecraft:deepslate_redstone_ore":12,"minecraft:acacia_leaves":8,"minecraft:crafting_table":1,"minecraft:torch":2,"minecraft:short_grass":31,"minecraft:poppy":9,"minecraft:lightning_rod":1,"minecraft:tall_grass":8,"minecraft:copper_ore":13,"minecraft:cobblestone":3,"minecraft:lapis_ore":1,"minecraft:deepslate_gold_ore":16,"minecraft:diorite":1,"minecraft:birch_log":5,"minecraft:mangrove_leaves":3,"minecraft:oak_log":5,"minecraft:coal_ore":33,"minecraft:gravel":3,"minecraft:dripstone_block":1,"minecraft:dirt":15,"minecraft:cobweb":27,"minecraft:mangrove_log":3,"minecraft:oak_leaves":1,"minecraft:deepslate":43},"minecraft:dropped":{"minecraft:dripstone_block":3,"minecraft:tuff":1,"minecraft:poppy":9,"minecraft:andesite":1},"minecraft:killed":{"minecraft:cave_spider":8,"minecraft:spider":5,"minecraft:skeleton":6,"minecraft:pig":4,"minecraft:sheep":4,"minecraft:zombie":8,"minecraft:cow":4},"minecraft:custom":{"minecraft:mob_kills":42,"minecraft:interact_with_crafting_table":14,"minecraft:leave_game":4,"minecraft:time_since_death":5537,"minecraft:climb_one_cm":1522,"minecraft:sprint_one_cm":232678,"minecraft:walk_one_cm":280795,"minecraft:damage_blocked_by_shield":1390,"minecraft:drop":4,"minecraft:play_time":107922,"minecraft:deaths":8,"minecraft:sneak_time":1622,"minecraft:walk_under_water_one_cm":2983,"minecraft:jump":1288,"minecraft:walk_on_water_one_cm":20608,"minecraft:total_world_time":107922,"minecraft:interact_with_furnace":33,"minecraft:time_since_rest":5580,"minecraft:damage_taken":4557,"minecraft:damage_dealt":7351,"minecraft:swim_one_cm":15723,"minecraft:fly_one_cm":329622,"minecraft:crouch_one_cm":4485,"minecraft:fall_one_cm":34296},"minecraft:crafted":{"minecraft:oak_planks":20,"minecraft:lightning_rod":1,"minecraft:furnace":2,"minecraft:cooked_mutton":5,"minecraft:iron_axe":1,"minecraft:stone_pickaxe":1,"minecraft:cooked_beef":8,"minecraft:cooked_porkchop":7,"minecraft:crafting_table":2,"minecraft:wooden_pickaxe":1,"minecraft:iron_sword":1,"minecraft:copper_ingot":41,"minecraft:mangrove_planks":12,"minecraft:birch_planks":20,"minecraft:stone_axe":1,"minecraft:air":0,"minecraft:iron_chestplate":1,"minecraft:charcoal":6,"minecraft:shield":1,"minecraft:stick":40,"minecraft:iron_ingot":20,"minecraft:iron_pickaxe":1,"minecraft:wooden_axe":1,"minecraft:torch":100},"minecraft:used":{"minecraft:moss_carpet":1,"minecraft:shield":39,"minecraft:iron_sword":99,"minecraft:iron_chestplate":1,"minecraft:torch":128,"minecraft:dirt":52,"minecraft:tuff":1,"minecraft:granite":4,"minecraft:wooden_axe":22,"minecraft:honeycomb":6,"minecraft:grass_block":3,"minecraft:iron_axe":3,"minecraft:bedrock":1,"minecraft:furnace":2,"minecraft:egg":3,"minecraft:cooked_beef":8,"minecraft:pointed_dripstone":8,"minecraft:cooked_mutton":5,"minecraft:diorite":1,"minecraft:birch_planks":2,"minecraft:stone_pickaxe":73,"minecraft:oak_planks":1,"minecraft:wooden_pickaxe":59,"minecraft:white_dye":3,"minecraft:glow_ink_sac":3,"minecraft:white_wool":1,"minecraft:glow_berries":2,"minecraft:crafting_table":3,"minecraft:mangrove_sign":8,"minecraft:lightning_rod":2,"minecraft:bread":3,"minecraft:barrier":7,"minecraft:iron_pickaxe":203,"minecraft:stone_axe":36,"minecraft:cobblestone":58,"minecraft:cooked_porkchop":7,"minecraft:porkchop":1},"minecraft:picked_up":{"minecraft:wooden_axe":3,"minecraft:crafting_table":2,"minecraft:iron_chestplate":4,"minecraft:wooden_pickaxe":1,"minecraft:shield":5,"minecraft:string":93,"minecraft:moss_carpet":1,"minecraft:raw_copper":41,"minecraft:iron_axe":4,"minecraft:detector_rail":4,"minecraft:cobbled_deepslate":74,"minecraft:beef":16,"minecraft:poppy":54,"minecraft:iron_pickaxe":4,"minecraft:mangrove_log":3,"minecraft:egg":3,"minecraft:raw_iron":171,"minecraft:stick":8,"minecraft:copper_ingot":183,"minecraft:torch":41,"minecraft:acacia_log":12,"minecraft:porkchop":15,"minecraft:lightning_rod":1,"minecraft:mangrove_sign":1,"minecraft:pointed_dripstone":87,"minecraft:diorite":1,"minecraft:redstone":115,"minecraft:arrow":44,"minecraft:rotten_flesh":46,"minecraft:glow_berries":3,"minecraft:mutton":10,"minecraft:white_wool":23,"minecraft:rail":14,"minecraft:cobblestone":168,"minecraft:birch_log":25,"minecraft:cooked_beef":9,"minecraft:andesite":1,"minecraft:leather":35,"minecraft:birch_planks":14,"minecraft:tuff":2,"minecraft:oak_log":5,"minecraft:gunpowder":12,"minecraft:lapis_lazuli":46,"minecraft:dirt":129,"minecraft:name_tag":2,"minecraft:cooked_mutton":17,"minecraft:bone":11,"minecraft:acacia_planks":90,"minecraft:wheat_seeds":78,"minecraft:raw_gold":20,"minecraft:stone_pickaxe":5,"minecraft:iron_ingot":13,"minecraft:powered_rail":6,"minecraft:mangrove_planks":14,"minecraft:oak_planks":14,"minecraft:iron_sword":4,"minecraft:acacia_sapling":7,"minecraft:cooked_porkchop":4,"minecraft:dripstone_block":3,"minecraft:gravel":3,"minecraft:spider_eye":3,"minecraft:diamond":10,"minecraft:stone_axe":6,"minecraft:granite":8,"minecraft:bread":1,"minecraft:melon_seeds":3,"minecraft:mangrove_propagule":14,"minecraft:coal":39}},"DataVersion":3953}