{"stats":{"minecraft:picked_up":{"minecraft:music_disc_pigstep":1,"alexsmobs:music_disc_thime":1,"farmersdelight:fried_egg":2,"ecologics:music_disc_coconut":1,"farmersdelight:cooked_chicken_cuts":4,"minecraft:wheat_seeds":7,"mowziesmobs:foliaath_seed":2,"dragonmounts:dragon_egg":8,"botania:record_gaia_2":1,"minecraft:cooked_chicken":1,"minecraft:bone_meal":2,"mowziesmobs:music_disc_petiole":1,"alexsmobs:music_disc_daze":1,"botania:record_gaia_1":1},"minecraft:killed":{"dragonmounts:dragon":1,"mowziesmobs:foliaath":1},"minecraft:used":{"miningmaster:air_malachite_bow":3,"farmersdelight:full_tatami_mat":2,"justhammers:netherite_destructor_hammer":46,"chimes:glass_bells":1,"farmersdelight:oak_cabinet":3,"minecraft:water_bucket":2,"dragonmounts:dragon_egg":9,"minecraft:lava_bucket":15,"minecraft:music_disc_pigstep":1,"farmersdelight:skillet":1,"alexsmobs:rainbow_glass":48,"farmersdelight:tomato_crate":2,"cfm:andesite_coffee_table":2,"alexsmobs:music_disc_daze":1,"alexsmobs:spawn_egg_hummingbird":11,"farmersdelight:cooked_chicken_cuts":5,"cfm:fridge_dark":1,"cfm:cyan_sofa":2,"dragonmounts:spawn_egg":2,"farmersdelight:stove":2,"botania:record_gaia_2":1,"cfm:fridge_light":2,"farmersdelight:canvas_rug":11,"botania:record_gaia_1":1,"ecologics:music_disc_coconut":1,"bloodmagic:demoncrystallizer":1,"minecraft:torch":8,"bloodmagic:alchemytable":1,"emeraldequipment:emerald_sword":5,"minecraft:anvil":1,"farmersdelight:cutting_board":1,"alexsmobs:music_disc_thime":1,"bloodmagic:demonpylon":1,"mowziesmobs:music_disc_petiole":1,"cfm:trampoline":4,"cfm:oak_kitchen_sink_light":3,"farmersdelight:safety_net":4,"farmersdelight:cooking_pot":1,"cfm:red_grill":1,"minecraft:cobbled_deepslate":56,"minecraft:cake":1,"minecraft:splash_potion":22,"minecraft:jukebox":1},"minecraft:dropped":{"minecraft:cobbled_deepslate":64,"dragonmounts:dragon_egg":1},"minecraft:mined":{"minecraft:vine":9},"minecraft:custom":{"minecraft:time_since_rest":56058,"champions:champion_mobs_killed":1,"minecraft:sprint_one_cm":30788,"minecraft:walk_one_cm":102075,"minecraft:interact_with_anvil":1,"minecraft:mob_kills":2,"minecraft:drop":2,"minecraft:damage_dealt":718,"minecraft:play_record":7,"minecraft:fly_one_cm":68862,"minecraft:open_chest":1,"minecraft:crouch_one_cm":706,"minecraft:play_time":56058,"minecraft:sneak_time":582,"minecraft:jump":173,"minecraft:eat_cake_slice":7,"minecraft:leave_game":1,"minecraft:walk_on_water_one_cm":673,"minecraft:time_since_death":56058,"minecraft:climb_one_cm":2157,"minecraft:total_world_time":56058,"minecraft:fall_one_cm":675}},"DataVersion":2975}