{"stats":{"minecraft:broken":{"minecraft:wooden_pickaxe":1},"minecraft:killed_by":{"minecraft:skeleton":1,"minecraft:spider":1,"minecraft:zombie":3},"minecraft:mined":{"minecraft:acacia_leaves":8,"minecraft:crafting_table":1,"minecraft:granite":1,"minecraft:short_grass":31,"minecraft:acacia_log":7,"minecraft:grass_block":4,"minecraft:poppy":9,"minecraft:lightning_rod":1,"minecraft:cobblestone":3,"minecraft:copper_ore":13,"minecraft:tall_grass":8,"minecraft:mangrove_propagule":2,"minecraft:fire":2,"minecraft:birch_log":5,"minecraft:iron_ore":20,"minecraft:moss_carpet":1,"minecraft:mangrove_leaves":3,"minecraft:pointed_dripstone":6,"minecraft:coal_ore":14,"minecraft:oak_log":5,"minecraft:vine":1,"minecraft:dirt":13,"minecraft:mangrove_log":3,"minecraft:stone":70,"minecraft:oak_leaves":1},"minecraft:killed":{"minecraft:pig":4,"minecraft:spider":4,"minecraft:sheep":4,"minecraft:skeleton":4,"minecraft:zombie":4,"minecraft:cow":4},"minecraft:custom":{"minecraft:interact_with_furnace":29,"minecraft:mob_kills":26,"minecraft:interact_with_crafting_table":13,"minecraft:leave_game":4,"minecraft:time_since_death":52,"minecraft:climb_one_cm":1482,"minecraft:time_since_rest":148,"minecraft:sprint_one_cm":109162,"minecraft:damage_taken":2606,"minecraft:walk_one_cm":152165,"minecraft:damage_blocked_by_shield":1050,"minecraft:damage_dealt":4200,"minecraft:swim_one_cm":7355,"minecraft:fly_one_cm":221816,"minecraft:crouch_one_cm":3269,"minecraft:play_time":71922,"minecraft:deaths":5,"minecraft:sneak_time":885,"minecraft:walk_under_water_one_cm":2019,"minecraft:jump":944,"minecraft:walk_on_water_one_cm":16240,"minecraft:total_world_time":71922,"minecraft:fall_one_cm":22761},"minecraft:crafted":{"minecraft:cooked_beef":8,"minecraft:oak_planks":20,"minecraft:cooked_porkchop":5,"minecraft:crafting_table":2,"minecraft:wooden_pickaxe":1,"minecraft:iron_sword":1,"minecraft:lightning_rod":1,"minecraft:furnace":2,"minecraft:copper_ingot":41,"minecraft:mangrove_planks":12,"minecraft:stone_axe":1,"minecraft:cooked_mutton":5,"minecraft:air":0,"minecraft:iron_chestplate":1,"minecraft:charcoal":6,"minecraft:shield":1,"minecraft:iron_axe":1,"minecraft:stick":20,"minecraft:iron_ingot":20,"minecraft:iron_pickaxe":1,"minecraft:stone_pickaxe":1,"minecraft:wooden_axe":1,"minecraft:torch":16},"minecraft:used":{"minecraft:cooked_mutton":1,"minecraft:moss_carpet":1,"minecraft:stone_pickaxe":73,"minecraft:shield":20,"minecraft:wooden_pickaxe":59,"minecraft:iron_sword":7,"minecraft:white_dye":3,"minecraft:glow_ink_sac":3,"minecraft:white_wool":1,"minecraft:torch":16,"minecraft:dirt":25,"minecraft:crafting_table":3,"minecraft:mangrove_sign":8,"minecraft:lightning_rod":2,"minecraft:wooden_axe":22,"minecraft:honeycomb":6,"minecraft:iron_axe":3,"minecraft:grass_block":3,"minecraft:barrier":7,"minecraft:iron_pickaxe":1,"minecraft:stone_axe":36,"minecraft:bedrock":1,"minecraft:cobblestone":52,"minecraft:porkchop":1,"minecraft:furnace":2,"minecraft:cooked_porkchop":5,"minecraft:egg":2,"minecraft:cooked_beef":7},"minecraft:picked_up":{"minecraft:wooden_axe":3,"minecraft:birch_log":15,"minecraft:iron_chestplate":1,"minecraft:crafting_table":2,"minecraft:cooked_beef":8,"minecraft:leather":20,"minecraft:wooden_pickaxe":1,"minecraft:oak_log":5,"minecraft:shield":2,"minecraft:gunpowder":6,"minecraft:string":11,"minecraft:dirt":88,"minecraft:moss_carpet":1,"minecraft:raw_copper":41,"minecraft:iron_axe":1,"minecraft:cooked_mutton":9,"minecraft:bone":11,"minecraft:acacia_planks":45,"minecraft:wheat_seeds":42,"minecraft:iron_ingot":3,"minecraft:beef":16,"minecraft:stone_pickaxe":2,"minecraft:poppy":36,"minecraft:iron_pickaxe":1,"minecraft:iron_sword":1,"minecraft:mangrove_planks":14,"minecraft:oak_planks":8,"minecraft:acacia_sapling":4,"minecraft:mangrove_log":3,"minecraft:egg":2,"minecraft:stick":3,"minecraft:raw_iron":39,"minecraft:cooked_porkchop":2,"minecraft:copper_ingot":69,"minecraft:acacia_log":12,"minecraft:porkchop":15,"minecraft:lightning_rod":1,"minecraft:pointed_dripstone":18,"minecraft:mangrove_sign":1,"minecraft:arrow":19,"minecraft:rotten_flesh":12,"minecraft:stone_axe":3,"minecraft:granite":3,"minecraft:coal":14,"minecraft:mangrove_propagule":8,"minecraft:mutton":10,"minecraft:white_wool":14,"minecraft:cobblestone":162}},"DataVersion":3953}