{"stats":{"minecraft:killed":{"minecraft:pig":3,"minecraft:villager":1,"goblintraders:goblin_trader":1},"minecraft:mined":{"minecraft:stone":7},"minecraft:custom":{"minecraft:mob_kills":5,"minecraft:open_barrel":2,"minecraft:leave_game":3,"minecraft:time_since_death":26981,"minecraft:time_since_rest":27013,"minecraft:sprint_one_cm":53342,"minecraft:damage_taken":898,"minecraft:walk_one_cm":74551,"minecraft:drop":10,"minecraft:damage_dealt":653,"minecraft:swim_one_cm":7333,"minecraft:talked_to_villager":3,"minecraft:fly_one_cm":363707,"minecraft:open_chest":2,"minecraft:crouch_one_cm":1227,"minecraft:play_time":79740,"minecraft:deaths":2,"minecraft:sneak_time":1399,"minecraft:walk_under_water_one_cm":5265,"minecraft:boat_one_cm":1146,"minecraft:jump":305,"minecraft:aviate_one_cm":80116,"minecraft:walk_on_water_one_cm":4121,"minecraft:total_world_time":79740,"minecraft:fall_one_cm":15810,"minecraft:horse_one_cm":5980},"minecraft:dropped":{"tconstruct:pickaxe":1,"minecraft:cobblestone":1,"spartanweaponry:diamond_greatsword":1,"industrialforegoing:infinity_trident":1,"spartanweaponry:netherite_scythe":1,"industrialforegoing:laser_lens5":1,"industrialforegoing:infinity_drill":2,"industrialforegoing:straw":1,"shrink:shrinking_device":1},"minecraft:killed_by":{"mowziesmobs:ferrous_wroughtnaut":1},"minecraft:picked_up":{"shrink:shrinking_device":1,"minecraft:andesite":341,"gobber2:gobber2_gooey_beefstew":2,"minecraft:flint":4,"minecraft:tuff":414,"evilcraft:flesh_humanoid":1,"gobber2:gobber2_gooey_bread_nether":2,"spartanweaponry:netherite_scythe":1,"minecraft:lapis_lazuli":100,"minecraft:dirt":182,"minecraft:raw_copper":96,"minecraft:apple":2,"gobber2:gobber2_gooey_beef":2,"minecraft:cobbled_deepslate":3869,"minecraft:raw_gold":3,"gobber2:gobber2_globette":15,"minecraft:raw_iron":11,"minecraft:gravel":100,"minecraft:porkchop":7,"minecraft:diorite":910,"minecraft:redstone":10,"gobber2:gobber2_foo":1,"miningmaster:spirit_garnet":1,"minecraft:diamond":1,"gobber2:gobber2_gooey_beef_nether":2,"evilcraft:dark_gem":17,"minecraft:granite":47,"miningmaster:ice_sapphire":1,"minecraft:coal":49,"gobber2:gobber2_goo":2,"alexsmobs:flying_fish":1,"minecraft:cobblestone":3505},"minecraft:used":{"minecraft:oak_trapdoor":3,"toughasnails:leaf_leggings":1,"industrialforegoing:infinity_launcher":3,"toughasnails:leaf_helmet":1,"minecraft:redstone":1,"minecraft:oak_planks":9,"evilcraft:blood_chest":1,"industrialforegoing:fluid_extractor":1,"dragonmounts:spawn_egg":2,"minecraft:zombie_spawn_egg":4,"minecraft:redstone_block":2,"ecologics:walnut_sapling":1,"spartanweaponry:diamond_boomerang":26,"toughasnails:leaf_boots":1,"securitycraft:ims":1,"spartanweaponry:dynamite":94,"mowziesmobs:wroughtnaut_spawn_egg":1,"minecraft:crafting_table":1,"industrialforegoing:fluid_sieving_machine":1,"tconstruct:earth_sky_slime_grass":1,"spartanweaponry:netherite_lance":2,"minecraft:painting":1,"tconstruct:blood_slime":1,"industrialforegoing:conveyor":6,"industrialforegoing:biofuel_generator":1,"dragonmounts:dragon_egg":1,"minecraft:firework_rocket":5,"alexsmobs:spawn_egg_cosmaw":1,"minecraft:cyan_carpet":1,"spartanweaponry:diamond_greatsword":4,"industrialforegoing:bioreactor":1,"toughasnails:leaf_chestplate":1,"spartanweaponry:netherite_scythe":2,"industrialforegoing:infinity_nuke":4,"spartanweaponry:netherite_flanged_mace":1,"charginggadgets:charging_station":2,"ecologics:camel_spawn_egg":1,"industrialforegoing:fluid_placer":1,"travelersbackpack:standard":2,"evilcraft:dark_tank":2,"minecraft:furnace":1,"industrialforegoing:infinity_charger":1,"tconstruct:scorched_anvil":1,"minecraft:oak_boat":3,"industrialforegoing:infinity_trident":1,"evilcraft:werewolf_spawn_egg":3,"minecraft:bone_meal":3}},"DataVersion":2975}