{"stats":{"minecraft:broken":{"minecraft:wooden_pickaxe":1},"minecraft:killed_by":{"minecraft:skeleton":2,"minecraft:spider":1,"minecraft:zombie":4},"minecraft:mined":{"minecraft:deepslate_redstone_ore":12,"minecraft:tuff":3,"minecraft:acacia_leaves":8,"minecraft:torch":1,"minecraft:crafting_table":1,"minecraft:granite":4,"minecraft:short_grass":31,"minecraft:acacia_log":7,"minecraft:grass_block":4,"minecraft:poppy":9,"minecraft:lightning_rod":1,"minecraft:cobblestone":3,"minecraft:copper_ore":13,"minecraft:tall_grass":8,"minecraft:deepslate_gold_ore":4,"minecraft:lapis_ore":1,"minecraft:diorite":1,"minecraft:mangrove_propagule":2,"minecraft:fire":2,"minecraft:birch_log":5,"minecraft:iron_ore":33,"minecraft:andesite":1,"minecraft:moss_carpet":1,"minecraft:mangrove_leaves":3,"minecraft:pointed_dripstone":8,"minecraft:coal_ore":33,"minecraft:oak_log":5,"minecraft:deepslate_iron_ore":40,"minecraft:vine":1,"minecraft:rail":2,"minecraft:gravel":3,"minecraft:dripstone_block":1,"minecraft:dirt":15,"minecraft:cobweb":21,"minecraft:mangrove_log":3,"minecraft:stone":76,"minecraft:deepslate":14,"minecraft:oak_leaves":1},"minecraft:dropped":{"minecraft:andesite":1},"minecraft:killed":{"minecraft:cave_spider":7,"minecraft:pig":4,"minecraft:spider":5,"minecraft:sheep":4,"minecraft:skeleton":4,"minecraft:zombie":7,"minecraft:cow":4},"minecraft:custom":{"minecraft:interact_with_furnace":33,"minecraft:mob_kills":37,"minecraft:interact_with_crafting_table":14,"minecraft:leave_game":4,"minecraft:time_since_death":19191,"minecraft:climb_one_cm":1522,"minecraft:time_since_rest":19223,"minecraft:sprint_one_cm":187232,"minecraft:damage_taken":4079,"minecraft:walk_one_cm":245429,"minecraft:damage_blocked_by_shield":1120,"minecraft:drop":1,"minecraft:damage_dealt":6511,"minecraft:swim_one_cm":15723,"minecraft:fly_one_cm":274024,"minecraft:crouch_one_cm":3571,"minecraft:play_time":95922,"minecraft:deaths":7,"minecraft:sneak_time":983,"minecraft:walk_under_water_one_cm":2146,"minecraft:jump":1238,"minecraft:walk_on_water_one_cm":20390,"minecraft:total_world_time":95922,"minecraft:fall_one_cm":34050},"minecraft:crafted":{"minecraft:cooked_beef":8,"minecraft:oak_planks":20,"minecraft:cooked_porkchop":7,"minecraft:crafting_table":2,"minecraft:wooden_pickaxe":1,"minecraft:iron_sword":1,"minecraft:lightning_rod":1,"minecraft:furnace":2,"minecraft:copper_ingot":41,"minecraft:birch_planks":20,"minecraft:mangrove_planks":12,"minecraft:stone_axe":1,"minecraft:cooked_mutton":5,"minecraft:air":0,"minecraft:iron_chestplate":1,"minecraft:charcoal":6,"minecraft:shield":1,"minecraft:iron_axe":1,"minecraft:stick":36,"minecraft:iron_ingot":20,"minecraft:iron_pickaxe":1,"minecraft:stone_pickaxe":1,"minecraft:wooden_axe":1,"minecraft:torch":84},"minecraft:used":{"minecraft:cooked_mutton":5,"minecraft:moss_carpet":1,"minecraft:stone_pickaxe":73,"minecraft:shield":27,"minecraft:wooden_pickaxe":59,"minecraft:iron_sword":75,"minecraft:white_dye":3,"minecraft:glow_ink_sac":3,"minecraft:iron_chestplate":1,"minecraft:white_wool":1,"minecraft:torch":89,"minecraft:dirt":50,"minecraft:crafting_table":3,"minecraft:tuff":1,"minecraft:mangrove_sign":8,"minecraft:lightning_rod":2,"minecraft:wooden_axe":22,"minecraft:honeycomb":6,"minecraft:bread":1,"minecraft:iron_axe":3,"minecraft:grass_block":3,"minecraft:barrier":7,"minecraft:iron_pickaxe":128,"minecraft:stone_axe":36,"minecraft:bedrock":1,"minecraft:cobblestone":52,"minecraft:porkchop":1,"minecraft:furnace":2,"minecraft:cooked_porkchop":7,"minecraft:egg":3,"minecraft:cooked_beef":8},"minecraft:picked_up":{"minecraft:wooden_axe":3,"minecraft:birch_log":25,"minecraft:iron_chestplate":3,"minecraft:crafting_table":2,"minecraft:cooked_beef":9,"minecraft:andesite":1,"minecraft:leather":30,"minecraft:wooden_pickaxe":1,"minecraft:tuff":1,"minecraft:oak_log":5,"minecraft:shield":4,"minecraft:gunpowder":10,"minecraft:string":48,"minecraft:dirt":129,"minecraft:moss_carpet":1,"minecraft:raw_copper":41,"minecraft:iron_axe":3,"minecraft:cooked_mutton":17,"minecraft:bone":11,"minecraft:acacia_planks":75,"minecraft:raw_gold":4,"minecraft:wheat_seeds":66,"minecraft:cobbled_deepslate":19,"minecraft:iron_ingot":9,"minecraft:beef":16,"minecraft:stone_pickaxe":4,"minecraft:poppy":54,"minecraft:iron_pickaxe":3,"minecraft:iron_sword":3,"minecraft:mangrove_planks":14,"minecraft:oak_planks":13,"minecraft:acacia_sapling":6,"minecraft:mangrove_log":3,"minecraft:egg":3,"minecraft:stick":8,"minecraft:raw_iron":92,"minecraft:cooked_porkchop":4,"minecraft:copper_ingot":145,"minecraft:gravel":3,"minecraft:dripstone_block":3,"minecraft:torch":11,"minecraft:acacia_log":12,"minecraft:porkchop":15,"minecraft:lightning_rod":1,"minecraft:diorite":1,"minecraft:pointed_dripstone":43,"minecraft:mangrove_sign":1,"minecraft:redstone":53,"minecraft:spider_eye":3,"minecraft:arrow":33,"minecraft:rotten_flesh":30,"minecraft:stone_axe":5,"minecraft:granite":8,"minecraft:coal":33,"minecraft:mangrove_propagule":12,"minecraft:mutton":10,"minecraft:rail":3,"minecraft:white_wool":20,"minecraft:cobblestone":168}},"DataVersion":3953}