{"stats":{"minecraft:custom":{"minecraft:interact_with_furnace":10,"minecraft:mob_kills":12,"minecraft:inspect_hopper":7,"minecraft:open_barrel":2,"minecraft:leave_game":4,"minecraft:time_since_death":80552,"minecraft:time_since_rest":80584,"champions:champion_mobs_killed":3,"minecraft:sprint_one_cm":64343,"minecraft:damage_taken":898,"minecraft:walk_one_cm":151289,"minecraft:drop":29,"minecraft:damage_dealt":1813,"minecraft:swim_one_cm":7333,"minecraft:talked_to_villager":3,"minecraft:fly_one_cm":532848,"minecraft:open_chest":20,"minecraft:crouch_one_cm":4077,"minecraft:play_time":133311,"minecraft:deaths":2,"minecraft:sneak_time":3124,"minecraft:walk_under_water_one_cm":13027,"minecraft:boat_one_cm":1146,"minecraft:jump":474,"minecraft:aviate_one_cm":80116,"minecraft:interact_with_blast_furnace":3,"minecraft:walk_on_water_one_cm":10861,"minecraft:total_world_time":133311,"minecraft:fall_one_cm":15810,"minecraft:horse_one_cm":5980},"minecraft:killed":{"alexsmobs:mimic_octopus":1,"minecraft:pig":3,"alexsmobs:anaconda":1,"alexsmobs:cosmaw":1,"ars_nouveau:wilden_guardian":1,"ars_nouveau:wilden_stalker":1,"ars_nouveau:whirlisprig":1,"ars_nouveau:wilden_hunter":1,"goblintraders:goblin_trader":1,"minecraft:villager":1},"minecraft:used":{"bonsaitrees3:bonsaipot":2,"minecraft:oak_trapdoor":3,"supplementaries:hourglass":3,"toughasnails:leaf_leggings":1,"industrialforegoing:infinity_launcher":8,"toughasnails:leaf_helmet":1,"supplementaries:crank":1,"minecraft:polished_andesite":10,"alexsmobs:flying_fish_bucket":1,"ars_nouveau:wilden_guardian_se":1,"minecraft:redstone":1,"minecraft:oak_planks":9,"evilcraft:blood_chest":1,"minecraft:chest":7,"industrialforegoing:fluid_extractor":1,"dragonmounts:spawn_egg":2,"alexsmobs:blobfish_bucket":1,"supplementaries:sconce_lever":3,"supplementaries:daub":8,"minecraft:zombie_spawn_egg":4,"minecraft:redstone_block":2,"alexsmobs:spawn_egg_anaconda":1,"ecologics:walnut_sapling":1,"spartanweaponry:diamond_boomerang":33,"toughasnails:leaf_boots":1,"industrialforegoing:conveyor_insertion_upgrade":2,"securitycraft:ims":1,"spartanweaponry:dynamite":94,"alexsmobs:medium_catfish_bucket":5,"supplementaries:globe":1,"alexsmobs:spawn_egg_catfish":9,"trapcraft:grass_covering":3,"supplementaries:pulley_block":2,"minecraft:hopper":8,"alexsmobs:spawn_egg_mimic_octopus":1,"minecraft:crafting_table":1,"mowziesmobs:wroughtnaut_spawn_egg":1,"industrialforegoing:fluid_sieving_machine":1,"minecraft:blast_furnace":1,"tconstruct:earth_sky_slime_grass":1,"industrialforegoing:conveyor_bouncing_upgrade":2,"spartanweaponry:netherite_lance":2,"minecraft:painting":1,"tconstruct:blood_slime":1,"industrialforegoing:conveyor":90,"minecraft:redstone_torch":6,"industrialforegoing:biofuel_generator":1,"dragonmounts:dragon_egg":1,"industrialforegoing:conveyor_extraction_upgrade":9,"minecraft:firework_rocket":5,"trapcraft:bear_trap":1,"ars_nouveau:wilden_hunter_se":1,"minecraft:grass_block":11,"supplementaries:timber_brace":3,"alexsmobs:spawn_egg_cosmaw":1,"minecraft:cyan_carpet":1,"minecraft:netherite_axe":4,"supplementaries:speaker_block":1,"supplementaries:goblet":1,"supplementaries:rope":4,"spartanweaponry:diamond_greatsword":4,"industrialforegoing:bioreactor":1,"alexsmobs:void_worm_effigy":1,"toughasnails:leaf_chestplate":1,"industrialforegoing:infinity_nuke":4,"spartanweaponry:netherite_scythe":2,"spartanweaponry:netherite_flanged_mace":1,"twilightforest:knight_phantom_spawn_egg":1,"chimes:copper_chimes":1,"trapcraft:fan":2,"farmersdelight:straw_bale":1,"charginggadgets:charging_station":3,"ars_nouveau:enchanters_sword":11,"ecologics:camel_spawn_egg":1,"industrialforegoing:fluid_placer":1,"travelersbackpack:standard":2,"evilcraft:dark_tank":2,"supplementaries:planter_rich":1,"minecraft:furnace":3,"industrialforegoing:infinity_charger":1,"industrialforegoing:infinity_trident":1,"tconstruct:scorched_anvil":1,"minecraft:oak_boat":3,"minecraft:potato":1,"evilcraft:werewolf_spawn_egg":3,"ars_nouveau:whirlisprig_se":1,"ars_nouveau:starbuncle_se":1,"minecraft:bone_meal":3},"minecraft:dropped":{"tconstruct:pickaxe":1,"industrialforegoing:meat_feeder":1,"minecraft:porkchop":4,"minecraft:diamond":2,"minecraft:cooked_porkchop":1,"minecraft:cobblestone":65,"alexsmobs:mysterious_worm":1,"industrialforegoing:conveyor":8,"spartanweaponry:diamond_greatsword":1,"industrialforegoing:infinity_trident":1,"spartanweaponry:netherite_scythe":1,"minecraft:poppy":1,"industrialforegoing:laser_lens5":1,"industrialforegoing:infinity_drill":2,"industrialforegoing:straw":1,"shrink:shrinking_device":1},"minecraft:mined":{"minecraft:stone":7},"minecraft:killed_by":{"mowziesmobs:ferrous_wroughtnaut":1},"minecraft:picked_up":{"supplementaries:sconce_lever":1,"shrink:shrinking_device":1,"industrialforegoing:conveyor_extraction_upgrade":6,"minecraft:andesite":341,"gobber2:gobber2_gooey_beefstew":2,"alexsmobs:mysterious_worm":1,"industrialforegoing:conveyor_bouncing_upgrade":1,"minecraft:flint":4,"minecraft:tuff":414,"evilcraft:flesh_humanoid":1,"gobber2:gobber2_gooey_bread_nether":2,"minecraft:lapis_lazuli":100,"spartanweaponry:netherite_scythe":1,"minecraft:dirt":182,"minecraft:raw_copper":96,"industrialforegoing:conveyor":1,"minecraft:apple":2,"gobber2:gobber2_gooey_beef":2,"minecraft:cobbled_deepslate":3869,"minecraft:raw_gold":3,"gobber2:gobber2_globette":15,"minecraft:coal_block":444,"minecraft:stick":4,"minecraft:raw_iron":11,"minecraft:cooked_porkchop":7,"minecraft:gravel":100,"minecraft:porkchop":11,"minecraft:diorite":910,"minecraft:grass_block":5,"minecraft:redstone":10,"ars_nouveau:wilden_horn":1,"gobber2:gobber2_foo":1,"miningmaster:spirit_garnet":1,"minecraft:diamond":3,"gobber2:gobber2_gooey_beef_nether":2,"evilcraft:dark_gem":17,"miningmaster:ice_sapphire":1,"minecraft:granite":47,"minecraft:chorus_fruit":1,"minecraft:hopper":1,"minecraft:coal":144,"gobber2:gobber2_goo":2,"alexsmobs:flying_fish":1,"minecraft:cobblestone":3505}},"DataVersion":2975}