{"stats":{"minecraft:killed_by":{"minecraft:spider":1,"minecraft:cave_spider":1,"minecraft:skeleton":2,"minecraft:zombie":5},"minecraft:dropped":{"minecraft:iron_ingot":6,"minecraft:wheat_seeds":14,"minecraft:dripstone_block":3,"minecraft:feather":1,"minecraft:book":24,"minecraft:stick":6,"minecraft:iron_pickaxe":1,"minecraft:string":49,"minecraft:furnace":1,"minecraft:cooked_chicken":1,"minecraft:tuff":1,"minecraft:rotten_flesh":2,"minecraft:carrot":1,"minecraft:poppy":9,"minecraft:andesite":1,"minecraft:spider_eye":2},"minecraft:broken":{"minecraft:wooden_pickaxe":1,"minecraft:iron_pickaxe":1},"minecraft:used":{"minecraft:moss_carpet":1,"minecraft:oak_sign":3,"minecraft:chest":1,"minecraft:shield":62,"minecraft:iron_sword":193,"minecraft:cooked_salmon":4,"minecraft:cooked_chicken":1,"minecraft:rotten_flesh":16,"minecraft:iron_chestplate":1,"minecraft:torch":177,"minecraft:dirt":52,"minecraft:mutton":2,"minecraft:carrot":5,"minecraft:tuff":1,"minecraft:granite":4,"minecraft:wooden_axe":22,"minecraft:honeycomb":6,"minecraft:lava_bucket":2,"minecraft:iron_axe":47,"minecraft:grass_block":3,"minecraft:iron_boots":1,"minecraft:bedrock":1,"minecraft:bow":3,"minecraft:furnace":3,"minecraft:egg":3,"minecraft:potato":1,"minecraft:cooked_beef":13,"minecraft:cobbled_deepslate":5,"minecraft:pointed_dripstone":8,"minecraft:wheat_seeds":1,"minecraft:cooked_mutton":9,"minecraft:diorite":1,"minecraft:birch_planks":10,"minecraft:stone_pickaxe":73,"minecraft:oak_planks":1,"minecraft:wooden_pickaxe":59,"minecraft:blue_bed":2,"minecraft:white_dye":3,"minecraft:glow_ink_sac":3,"minecraft:white_wool":1,"minecraft:glow_berries":2,"minecraft:crafting_table":6,"minecraft:mangrove_sign":8,"minecraft:lightning_rod":2,"minecraft:bread":3,"minecraft:barrier":7,"minecraft:iron_pickaxe":298,"minecraft:stone_axe":36,"minecraft:cobblestone":58,"minecraft:porkchop":1,"minecraft:cooked_porkchop":7,"minecraft:smithing_table":1,"minecraft:bucket":6,"minecraft:bone_meal":3},"minecraft:mined":{"minecraft:large_amethyst_bud":3,"minecraft:tuff":4,"minecraft:deepslate_diamond_ore":12,"minecraft:granite":4,"minecraft:budding_amethyst":1,"minecraft:acacia_log":7,"minecraft:grass_block":7,"minecraft:mangrove_propagule":2,"minecraft:hay_block":38,"minecraft:furnace":2,"minecraft:carrots":5,"minecraft:iron_ore":33,"minecraft:fire":2,"minecraft:andesite":1,"minecraft:moss_carpet":1,"minecraft:deepslate_lapis_ore":4,"minecraft:bookshelf":8,"minecraft:pointed_dripstone":22,"minecraft:deepslate_iron_ore":71,"minecraft:vine":1,"minecraft:rail":4,"minecraft:stone":81,"minecraft:smithing_table":1,"minecraft:deepslate_redstone_ore":12,"minecraft:acacia_leaves":8,"minecraft:medium_amethyst_bud":4,"minecraft:amethyst_cluster":2,"minecraft:crafting_table":2,"minecraft:torch":2,"minecraft:short_grass":47,"minecraft:poppy":9,"minecraft:lightning_rod":1,"minecraft:tall_grass":9,"minecraft:copper_ore":13,"minecraft:cobblestone":3,"minecraft:lapis_ore":1,"minecraft:deepslate_gold_ore":30,"minecraft:sugar_cane":9,"minecraft:blue_bed":1,"minecraft:diorite":1,"minecraft:amethyst_block":9,"minecraft:birch_log":5,"minecraft:wheat":1,"minecraft:mangrove_leaves":3,"minecraft:oak_log":16,"minecraft:coal_ore":40,"minecraft:beetroots":1,"minecraft:gravel":3,"minecraft:dripstone_block":1,"minecraft:dirt":15,"minecraft:cobweb":28,"minecraft:mangrove_log":3,"minecraft:oak_leaves":5,"minecraft:deepslate":59},"minecraft:custom":{"minecraft:interact_with_smithing_table":1,"minecraft:mob_kills":80,"minecraft:interact_with_crafting_table":27,"minecraft:leave_game":5,"minecraft:time_since_death":30130,"minecraft:climb_one_cm":1522,"minecraft:sprint_one_cm":509617,"minecraft:walk_one_cm":413723,"minecraft:damage_blocked_by_shield":2090,"minecraft:drop":22,"minecraft:talked_to_villager":1,"minecraft:play_time":168661,"minecraft:deaths":9,"minecraft:sneak_time":2095,"minecraft:walk_under_water_one_cm":16561,"minecraft:jump":2564,"minecraft:walk_on_water_one_cm":30319,"minecraft:total_world_time":168661,"minecraft:interact_with_furnace":70,"minecraft:sleep_in_bed":1,"minecraft:time_since_rest":15649,"minecraft:damage_taken":5754,"minecraft:damage_dealt":12274,"minecraft:swim_one_cm":66713,"minecraft:fly_one_cm":615102,"minecraft:open_chest":4,"minecraft:crouch_one_cm":5068,"minecraft:fall_one_cm":62365},"minecraft:picked_up":{"minecraft:wooden_axe":3,"minecraft:iron_chestplate":5,"minecraft:crafting_table":3,"minecraft:chicken":1,"minecraft:smithing_table":1,"minecraft:wooden_pickaxe":1,"minecraft:enchanted_book":1,"minecraft:shield":6,"minecraft:amethyst_block":9,"minecraft:string":202,"minecraft:moss_carpet":1,"minecraft:raw_copper":41,"minecraft:iron_axe":4,"minecraft:iron_leggings":1,"minecraft:cobbled_deepslate":154,"minecraft:detector_rail":8,"minecraft:beef":32,"minecraft:poppy":54,"minecraft:iron_pickaxe":5,"minecraft:sugar_cane":19,"minecraft:furnace":2,"minecraft:mangrove_log":3,"minecraft:iron_boots":1,"minecraft:egg":3,"minecraft:stick":10,"minecraft:raw_iron":184,"minecraft:copper_ingot":183,"minecraft:torch":45,"minecraft:acacia_log":12,"minecraft:porkchop":15,"minecraft:lightning_rod":1,"minecraft:mangrove_sign":1,"minecraft:pointed_dripstone":125,"minecraft:diorite":1,"minecraft:carrot":9,"minecraft:redstone":178,"minecraft:rotten_flesh":52,"minecraft:arrow":64,"minecraft:beetroot_seeds":1,"minecraft:hay_block":38,"minecraft:gold_ingot":6,"minecraft:glow_berries":4,"minecraft:mutton":19,"minecraft:cobblestone":168,"minecraft:rail":17,"minecraft:white_wool":37,"minecraft:birch_log":25,"minecraft:feather":2,"minecraft:cooked_beef":9,"minecraft:salmon":4,"minecraft:andesite":1,"minecraft:leather":54,"minecraft:birch_planks":14,"minecraft:tuff":2,"minecraft:oak_log":16,"minecraft:gunpowder":12,"minecraft:blue_bed":1,"minecraft:lapis_lazuli":69,"minecraft:dirt":129,"minecraft:name_tag":5,"minecraft:cooked_mutton":17,"minecraft:bone":29,"minecraft:acacia_planks":90,"minecraft:kelp":20,"minecraft:bow":2,"minecraft:wheat_seeds":81,"minecraft:cooked_chicken":1,"minecraft:raw_gold":34,"minecraft:stone_pickaxe":6,"minecraft:iron_ingot":50,"minecraft:powered_rail":12,"minecraft:mangrove_planks":14,"minecraft:iron_sword":4,"minecraft:oak_planks":14,"minecraft:acacia_sapling":7,"minecraft:book":48,"minecraft:cooked_porkchop":4,"minecraft:lava_bucket":1,"minecraft:gravel":3,"minecraft:dripstone_block":3,"minecraft:amethyst_shard":10,"minecraft:spider_eye":5,"minecraft:diamond":32,"minecraft:stone_axe":6,"minecraft:granite":8,"minecraft:bread":1,"minecraft:coal":56,"minecraft:melon_seeds":6,"minecraft:mangrove_propagule":14},"minecraft:crafted":{"minecraft:oak_planks":64,"minecraft:oak_sign":3,"minecraft:cooked_chicken":1,"minecraft:lightning_rod":1,"minecraft:furnace":2,"minecraft:bone_meal":3,"minecraft:cooked_mutton":12,"minecraft:iron_boots":1,"minecraft:iron_axe":2,"minecraft:stone_pickaxe":1,"minecraft:chest":1,"minecraft:cooked_beef":24,"minecraft:cooked_porkchop":7,"minecraft:crafting_table":4,"minecraft:wooden_pickaxe":1,"minecraft:iron_helmet":2,"minecraft:iron_sword":2,"minecraft:blue_bed":1,"minecraft:cooked_salmon":4,"minecraft:copper_ingot":41,"minecraft:bucket":2,"minecraft:mangrove_planks":12,"minecraft:birch_planks":20,"minecraft:stone_axe":1,"minecraft:air":0,"minecraft:blue_dye":1,"minecraft:iron_chestplate":1,"minecraft:charcoal":6,"minecraft:shield":1,"minecraft:stick":60,"minecraft:iron_ingot":104,"minecraft:iron_pickaxe":3,"minecraft:wooden_axe":1,"minecraft:gold_ingot":30,"minecraft:iron_leggings":1,"minecraft:white_bed":1,"minecraft:torch":132},"minecraft:killed":{"minecraft:cave_spider":8,"minecraft:spider":10,"minecraft:cod":1,"minecraft:skeleton":10,"minecraft:chicken":1,"minecraft:drowned":1,"minecraft:pig":4,"minecraft:salmon":4,"minecraft:sheep":11,"minecraft:zombie":14,"minecraft:cow":13}},"DataVersion":3953}