{"stats":{"minecraft:broken":{"minecraft:wooden_pickaxe":1},"minecraft:killed_by":{"minecraft:zombie":2},"minecraft:mined":{"minecraft:acacia_leaves":8,"minecraft:birch_log":5,"minecraft:moss_carpet":1,"minecraft:mangrove_leaves":3,"minecraft:acacia_log":7,"minecraft:short_grass":30,"minecraft:oak_log":5,"minecraft:grass_block":4,"minecraft:poppy":9,"minecraft:vine":1,"minecraft:dirt":10,"minecraft:mangrove_log":3,"minecraft:tall_grass":7,"minecraft:oak_leaves":1,"minecraft:stone":57,"minecraft:mangrove_propagule":2},"minecraft:killed":{"minecraft:sheep":4,"minecraft:pig":3,"minecraft:cow":4},"minecraft:custom":{"minecraft:time_since_rest":12124,"minecraft:interact_with_furnace":13,"minecraft:sprint_one_cm":54699,"minecraft:damage_taken":640,"minecraft:walk_one_cm":83796,"minecraft:mob_kills":11,"minecraft:damage_dealt":1464,"minecraft:interact_with_crafting_table":5,"minecraft:fly_one_cm":161372,"minecraft:crouch_one_cm":159,"minecraft:play_time":47922,"minecraft:deaths":2,"minecraft:sneak_time":140,"minecraft:jump":561,"minecraft:leave_game":4,"minecraft:time_since_death":12096,"minecraft:walk_on_water_one_cm":3850,"minecraft:total_world_time":47922,"minecraft:climb_one_cm":1342,"minecraft:fall_one_cm":14817},"minecraft:crafted":{"minecraft:cooked_beef":8,"minecraft:oak_planks":20,"minecraft:charcoal":6,"minecraft:cooked_porkchop":5,"minecraft:crafting_table":2,"minecraft:stick":4,"minecraft:wooden_pickaxe":1,"minecraft:wooden_axe":1,"minecraft:furnace":1,"minecraft:mangrove_planks":12,"minecraft:cooked_mutton":5,"minecraft:air":0},"minecraft:used":{"minecraft:wooden_axe":22,"minecraft:moss_carpet":1,"minecraft:honeycomb":6,"minecraft:grass_block":3,"minecraft:barrier":7,"minecraft:wooden_pickaxe":59,"minecraft:white_dye":3,"minecraft:glow_ink_sac":3,"minecraft:stone_axe":2,"minecraft:bedrock":1,"minecraft:cobblestone":1,"minecraft:crafting_table":2,"minecraft:cooked_porkchop":1,"minecraft:furnace":1,"minecraft:porkchop":1,"minecraft:mangrove_sign":8},"minecraft:picked_up":{"minecraft:wooden_axe":2,"minecraft:crafting_table":1,"minecraft:leather":10,"minecraft:wooden_pickaxe":1,"minecraft:acacia_log":12,"minecraft:porkchop":11,"minecraft:oak_log":5,"minecraft:mangrove_sign":1,"minecraft:dirt":27,"minecraft:moss_carpet":1,"minecraft:stone_axe":1,"minecraft:wheat_seeds":18,"minecraft:beef":16,"minecraft:poppy":18,"minecraft:mangrove_planks":14,"minecraft:acacia_sapling":2,"minecraft:mutton":10,"minecraft:mangrove_propagule":4,"minecraft:mangrove_log":3,"minecraft:white_wool":8,"minecraft:cobblestone":62,"minecraft:birch_log":5}},"DataVersion":3953}