{"stats":{"minecraft:crafted":{"minecraft:oak_planks":76,"minecraft:oak_sign":3,"minecraft:iron_nugget":9,"minecraft:cooked_chicken":3,"minecraft:lightning_rod":1,"minecraft:furnace":6,"minecraft:stone":26,"minecraft:bone_meal":3,"minecraft:cooked_mutton":12,"minecraft:lantern":1,"minecraft:glass":93,"minecraft:iron_boots":1,"minecraft:iron_axe":2,"minecraft:stone_pickaxe":1,"minecraft:chest":4,"minecraft:birch_door":3,"minecraft:cooked_beef":35,"minecraft:cooked_porkchop":8,"minecraft:crafting_table":6,"minecraft:iron_helmet":2,"minecraft:wooden_pickaxe":1,"minecraft:iron_sword":2,"minecraft:blue_bed":2,"minecraft:cooked_salmon":4,"minecraft:copper_ingot":41,"minecraft:mangrove_planks":12,"minecraft:bucket":2,"minecraft:birch_planks":40,"minecraft:stone_axe":1,"minecraft:air":0,"minecraft:blue_dye":2,"minecraft:iron_chestplate":1,"minecraft:charcoal":6,"minecraft:shield":1,"minecraft:stick":72,"minecraft:iron_ingot":111,"minecraft:iron_pickaxe":4,"minecraft:wooden_axe":1,"minecraft:iron_shovel":1,"minecraft:iron_leggings":1,"minecraft:gold_ingot":31,"minecraft:white_bed":2,"minecraft:torch":144,"minecraft:shears":1},"minecraft:custom":{"minecraft:interact_with_smithing_table":1,"minecraft:mob_kills":95,"minecraft:interact_with_crafting_table":49,"minecraft:leave_game":6,"minecraft:time_since_death":7343,"minecraft:climb_one_cm":1522,"minecraft:sprint_one_cm":726301,"minecraft:walk_one_cm":679644,"minecraft:damage_blocked_by_shield":2120,"minecraft:drop":52,"minecraft:talked_to_villager":1,"minecraft:play_time":281656,"minecraft:sneak_time":8764,"minecraft:deaths":11,"minecraft:walk_under_water_one_cm":65978,"minecraft:jump":3872,"minecraft:walk_on_water_one_cm":58252,"minecraft:total_world_time":281656,"minecraft:interact_with_furnace":136,"minecraft:sleep_in_bed":6,"minecraft:time_since_rest":7373,"minecraft:damage_taken":7237,"minecraft:damage_dealt":13923,"minecraft:swim_one_cm":229173,"minecraft:fly_one_cm":796670,"minecraft:open_chest":35,"minecraft:crouch_one_cm":14615,"minecraft:fall_one_cm":98959},"minecraft:mined":{"minecraft:large_amethyst_bud":3,"minecraft:tuff":4,"minecraft:deepslate_diamond_ore":12,"minecraft:budding_amethyst":1,"minecraft:granite":4,"minecraft:acacia_log":7,"minecraft:grass_block":63,"minecraft:spruce_leaves":58,"minecraft:moss_block":41,"minecraft:mangrove_propagule":2,"minecraft:hay_block":38,"minecraft:magma_block":7,"minecraft:spruce_sapling":1,"minecraft:furnace":2,"minecraft:carrots":5,"minecraft:iron_ore":38,"minecraft:cobbled_deepslate":20,"minecraft:fire":2,"minecraft:pumpkin":7,"minecraft:andesite":1,"minecraft:moss_carpet":5,"minecraft:deepslate_lapis_ore":4,"minecraft:big_dripleaf_stem":1,"minecraft:gold_block":1,"minecraft:bookshelf":8,"minecraft:pointed_dripstone":22,"minecraft:vine":1,"minecraft:deepslate_iron_ore":71,"minecraft:rail":4,"minecraft:white_tulip":1,"minecraft:azalea":8,"minecraft:stone":259,"minecraft:smithing_table":1,"minecraft:deepslate_redstone_ore":12,"minecraft:acacia_leaves":8,"minecraft:flowering_azalea":6,"minecraft:kelp_plant":1,"minecraft:medium_amethyst_bud":4,"minecraft:amethyst_cluster":2,"minecraft:crafting_table":3,"minecraft:torch":4,"minecraft:short_grass":62,"minecraft:poppy":9,"minecraft:glass":1,"minecraft:copper_ore":13,"minecraft:tall_grass":15,"minecraft:lightning_rod":1,"minecraft:cobblestone":8,"minecraft:wall_torch":3,"minecraft:deepslate_gold_ore":30,"minecraft:lapis_ore":1,"minecraft:sugar_cane":33,"minecraft:diorite":1,"minecraft:blue_bed":1,"minecraft:amethyst_block":9,"minecraft:birch_planks":1,"minecraft:birch_log":11,"minecraft:wheat":1,"minecraft:spruce_log":26,"minecraft:birch_leaves":58,"minecraft:mangrove_leaves":3,"minecraft:oak_log":19,"minecraft:coal_ore":112,"minecraft:beetroots":1,"minecraft:gravel":3,"minecraft:sand":159,"minecraft:dripstone_block":1,"minecraft:dirt":69,"minecraft:cobweb":28,"minecraft:mangrove_log":3,"minecraft:oak_leaves":5,"minecraft:deepslate":59,"minecraft:fern":1},"minecraft:picked_up":{"minecraft:wooden_axe":3,"minecraft:crafting_table":4,"minecraft:iron_chestplate":7,"minecraft:chicken":5,"minecraft:smithing_table":1,"minecraft:wooden_pickaxe":1,"minecraft:gold_block":2,"minecraft:enchanted_book":2,"minecraft:golden_shovel":1,"minecraft:golden_sword":1,"minecraft:shield":8,"minecraft:amethyst_block":9,"minecraft:flint_and_steel":1,"minecraft:string":256,"minecraft:moss_carpet":11,"minecraft:raw_copper":41,"minecraft:iron_axe":6,"minecraft:iron_leggings":3,"minecraft:iron_shovel":2,"minecraft:gold_nugget":15,"minecraft:cobbled_deepslate":234,"minecraft:detector_rail":12,"minecraft:bucket":2,"minecraft:beef":47,"minecraft:white_tulip":1,"minecraft:iron_nugget":24,"minecraft:poppy":54,"minecraft:iron_pickaxe":6,"minecraft:sugar_cane":196,"minecraft:chest":1,"minecraft:furnace":2,"minecraft:mangrove_log":3,"minecraft:iron_boots":3,"minecraft:egg":3,"minecraft:golden_helmet":1,"minecraft:stick":17,"minecraft:raw_iron":189,"minecraft:stone":30,"minecraft:big_dripleaf":6,"minecraft:copper_ingot":183,"minecraft:fire_charge":2,"minecraft:torch":58,"minecraft:acacia_log":12,"minecraft:porkchop":17,"minecraft:lightning_rod":1,"minecraft:diorite":1,"minecraft:pointed_dripstone":156,"minecraft:mangrove_sign":1,"minecraft:carrot":12,"minecraft:redstone":241,"minecraft:arrow":90,"minecraft:rotten_flesh":55,"minecraft:beetroot_seeds":2,"minecraft:shears":2,"minecraft:hay_block":76,"minecraft:gold_ingot":36,"minecraft:glow_berries":12,"minecraft:mutton":19,"minecraft:cod":2,"minecraft:rail":17,"minecraft:white_wool":45,"minecraft:cobblestone":532,"minecraft:oxeye_daisy":5,"minecraft:birch_log":40,"minecraft:magma_block":7,"minecraft:birch_leaves":56,"minecraft:feather":4,"minecraft:cooked_beef":10,"minecraft:andesite":1,"minecraft:salmon":4,"minecraft:leather":71,"minecraft:golden_leggings":1,"minecraft:potato":7,"minecraft:birch_planks":32,"minecraft:tuff":2,"minecraft:oak_log":19,"minecraft:gunpowder":12,"minecraft:lapis_lazuli":90,"minecraft:dirt":277,"minecraft:blue_bed":1,"minecraft:name_tag":8,"minecraft:glass":28,"minecraft:cooked_mutton":17,"minecraft:bone":41,"minecraft:acacia_planks":90,"minecraft:kelp":52,"minecraft:bow":4,"minecraft:wheat_seeds":82,"minecraft:raw_gold":34,"minecraft:iron_ingot":69,"minecraft:stone_pickaxe":8,"minecraft:cooked_chicken":1,"minecraft:moss_block":80,"minecraft:flowering_azalea":12,"minecraft:powered_rail":18,"minecraft:mangrove_planks":14,"minecraft:iron_sword":6,"minecraft:oak_planks":45,"minecraft:acacia_sapling":7,"minecraft:book":72,"minecraft:cooked_porkchop":4,"minecraft:pumpkin":14,"minecraft:sweet_berries":54,"minecraft:lava_bucket":1,"minecraft:dripstone_block":3,"minecraft:gravel":3,"minecraft:sand":148,"minecraft:amethyst_shard":10,"minecraft:spruce_sapling":15,"minecraft:spruce_log":52,"minecraft:spider_eye":5,"minecraft:diamond":46,"minecraft:stone_axe":6,"minecraft:iron_helmet":2,"minecraft:granite":8,"minecraft:bread":1,"minecraft:melon_seeds":12,"minecraft:mangrove_propagule":14,"minecraft:coal":173},"minecraft:killed_by":{"minecraft:creeper":1,"minecraft:spider":1,"minecraft:cave_spider":1,"minecraft:skeleton":2,"minecraft:zombie":5},"minecraft:broken":{"minecraft:iron_shovel":1,"minecraft:wooden_pickaxe":1,"minecraft:iron_pickaxe":2},"minecraft:dropped":{"minecraft:iron_ingot":6,"minecraft:birch_planks":18,"minecraft:wheat_seeds":14,"minecraft:dripstone_block":3,"minecraft:feather":3,"minecraft:cobblestone":86,"minecraft:book":24,"minecraft:stick":16,"minecraft:torch":4,"minecraft:iron_pickaxe":1,"minecraft:iron_shovel":1,"minecraft:string":49,"minecraft:birch_log":4,"minecraft:furnace":1,"minecraft:moss_carpet":2,"minecraft:kelp":12,"minecraft:sugar_cane":76,"minecraft:cooked_chicken":1,"minecraft:cobbled_deepslate":55,"minecraft:tuff":1,"minecraft:rotten_flesh":3,"minecraft:oak_planks":29,"minecraft:carrot":1,"minecraft:poppy":9,"minecraft:stone":18,"minecraft:andesite":1,"minecraft:melon_seeds":3,"minecraft:chest":1,"minecraft:spider_eye":2,"minecraft:glass":15},"minecraft:killed":{"minecraft:cave_spider":8,"minecraft:spider":10,"minecraft:cod":3,"minecraft:skeleton":10,"minecraft:chicken":3,"minecraft:drowned":1,"minecraft:pig":5,"minecraft:salmon":4,"minecraft:sheep":11,"minecraft:zombie":18,"minecraft:glow_squid":1,"minecraft:cow":18},"minecraft:used":{"minecraft:moss_carpet":1,"minecraft:iron_shovel":250,"minecraft:oak_sign":3,"minecraft:chest":4,"minecraft:shield":63,"minecraft:stone":14,"minecraft:iron_sword":243,"minecraft:cooked_salmon":4,"minecraft:cooked_chicken":1,"minecraft:rotten_flesh":16,"minecraft:iron_chestplate":1,"minecraft:torch":193,"minecraft:dirt":182,"minecraft:mutton":2,"minecraft:carrot":5,"minecraft:tuff":1,"minecraft:granite":4,"minecraft:birch_door":1,"minecraft:glass":82,"minecraft:wooden_axe":22,"minecraft:honeycomb":6,"minecraft:lava_bucket":2,"minecraft:lantern":1,"minecraft:iron_axe":115,"minecraft:grass_block":3,"minecraft:iron_helmet":1,"minecraft:iron_boots":1,"minecraft:magma_block":7,"minecraft:bedrock":1,"minecraft:bow":3,"minecraft:beef":3,"minecraft:sweet_berries":3,"minecraft:furnace":7,"minecraft:egg":3,"minecraft:potato":1,"minecraft:cooked_beef":23,"minecraft:cobbled_deepslate":84,"minecraft:iron_leggings":1,"minecraft:pointed_dripstone":8,"minecraft:cooked_mutton":12,"minecraft:wheat_seeds":1,"minecraft:diorite":1,"minecraft:birch_leaves":19,"minecraft:birch_planks":11,"minecraft:oak_planks":1,"minecraft:stone_pickaxe":126,"minecraft:wooden_pickaxe":59,"minecraft:sugar_cane":38,"minecraft:white_dye":3,"minecraft:blue_bed":3,"minecraft:glow_ink_sac":3,"minecraft:white_wool":1,"minecraft:glow_berries":4,"minecraft:crafting_table":9,"minecraft:mangrove_sign":8,"minecraft:shears":57,"minecraft:lightning_rod":2,"minecraft:iron_pickaxe":547,"minecraft:bread":3,"minecraft:barrier":7,"minecraft:spruce_sapling":3,"minecraft:stone_axe":36,"minecraft:cobblestone":131,"minecraft:porkchop":1,"minecraft:cooked_porkchop":7,"minecraft:smithing_table":1,"minecraft:birch_log":1,"minecraft:bucket":6,"minecraft:bone_meal":3}},"DataVersion":3953}